market,year,stock_nom,bond_nom,cpi
us,1871,15.6448,5.1486,1.527
us,1872,11.2347,3.8467,2.2555
us,1873,-2.4675,6.5574,-4.4121
us,1874,4.7129,8.7022,-6.9226
us,1875,5.3542,8.9795,-5.7856
us,1876,-14.1699,5.7916,0.8774
us,1877,-1.3361,5.4125,-15.6525
us,1878,16.2533,5.3819,-10.3088
us,1879,49.4132,5.9091,20.69
us,1880,26.6867,6.7058,-5.7146
us,1881,0.3061,4.4148,8.0808
us,1882,3.614,3.5994,-1.8687
us,1883,-5.4846,3.7723,-7.6198
us,1884,-12.3767,4.4986,-10.3088
us,1885,29.8957,4.8132,-3.4484
us,1886,11.94,2.2025,0.0
us,1887,-0.6287,2.3647,4.7623
us,1888,3.2902,5.5418,-4.5458
us,1889,7.0646,3.7511,-4.7619
us,1890,-6.1584,1.8558,2.5
us,1891,18.8833,3.8434,-6.0976
us,1892,6.155,2.4512,7.7923
us,1893,-18.7969,4.2207,-13.2531
us,1894,3.5553,5.7374,-4.1666
us,1895,4.9586,2.3801,1.4492
us,1896,3.2194,5.3076,-2.8571
us,1897,20.3732,3.8648,2.9412
us,1898,29.3421,5.4893,1.4286
us,1899,3.6805,2.7307,16.9014
us,1900,20.9518,3.6114,-2.4097
us,1901,19.4644,2.4837,2.4692
us,1902,8.2884,2.2413,9.6386
us,1903,-17.0872,2.5321,-4.3956
us,1904,32.1017,2.8007,2.2983
us,1905,21.3055,3.9461,0.0
us,1906,0.6989,1.5481,4.4944
us,1907,-24.1829,2.1302,-2.1501
us,1908,39.4236,4.8306,3.2964
us,1909,16.1882,2.6244,10.6387
us,1910,-3.3794,3.4209,-6.7313
us,1911,3.5209,3.8135,-1.0303
us,1912,7.1793,0.6578,7.2914
us,1913,-4.7377,6.8626,2.0408
us,1914,-5.4699,3.6071,1.0
us,1915,31.219,5.8474,2.9703
us,1916,8.2342,2.704,12.5
us,1917,-18.538,1.6719,19.6581
us,1918,18.0649,5.217,17.8571
us,1919,19.6281,1.0095,16.9697
us,1920,-13.9772,4.1673,-1.5544
us,1921,10.0825,11.5626,-11.0526
us,1922,29.1281,3.913,-0.5917
us,1923,5.4573,6.8592,2.9762
us,1924,27.1165,5.7534,0.0
us,1925,25.8727,5.3943,3.4682
us,1926,11.5647,6.5594,-2.2346
us,1927,37.1595,3.4739,-1.1429
us,1928,47.6212,1.1982,-1.1561
us,1929,-9.427,6.2317,0.0
us,1930,-22.7271,2.9295,-7.0175
us,1931,-44.2641,0.6557,-10.0629
us,1932,-6.1641,6.8137,-9.7902
us,1933,56.6645,4.9436,2.3256
us,1934,-8.0049,5.9612,3.0303
us,1935,54.9564,4.0138,1.4706
us,1936,32.7169,2.4292,2.1739
us,1937,-32.0824,3.7347,0.7092
us,1938,17.2736,4.3103,-1.4085
us,1939,3.057,3.6823,-0.7143
us,1940,-8.8789,4.5107,1.4388
us,1941,-9.0702,-2.3256,11.3475
us,1942,21.6061,2.4027,7.6433
us,1943,23.6215,2.413,2.9586
us,1944,19.692,3.452,2.2989
us,1945,39.3633,3.9542,2.2472
us,1946,-12.0326,1.697,18.1319
us,1947,2.6345,0.66,10.2326
us,1948,9.5681,3.5859,1.2658
us,1949,17.6096,2.2489,-2.0833
us,1950,34.5809,0.2364,8.0851
us,1951,21.8857,1.6738,4.3307
us,1952,14.6893,1.4585,0.3774
us,1953,3.0259,6.0252,1.1278
us,1954,46.8254,1.2624,-0.7435
us,1955,28.9401,0.2981,0.3745
us,1956,6.8774,-1.5863,2.9851
us,1957,-5.8012,6.9256,3.6232
us,1958,40.3758,-4.3756,1.3986
us,1959,7.6476,-1.2951,1.0345
us,1960,6.5455,11.7971,1.7065
us,1961,19.0967,1.9236,0.6711
us,1962,-2.5801,6.1566,1.3333
us,1963,21.2324,1.2293,1.6447
us,1964,16.0016,4.0981,0.9709
us,1965,11.6227,0.9144,1.9231
us,1966,-6.4022,5.2353,3.4591
us,1967,16.1221,-2.3125,3.6474
us,1968,10.6298,1.7886,4.3988
us,1969,-8.5467,-5.7115,6.1798
us,1970,7.5405,19.9506,5.291
us,1971,13.9945,8.5366,3.2663
us,1972,17.8716,2.4488,3.6496
us,1973,-16.272,3.0163,9.3897
us,1974,-21.057,3.9941,11.8026
us,1975,39.199,6.4369,6.7179
us,1976,11.2464,11.8726,5.2158
us,1977,-8.9927,2.2166,6.8376
us,1978,16.2753,0.8022,9.28
us,1979,17.1702,-1.2962,13.9092
us,1980,26.0645,0.6756,11.8252
us,1981,-7.1929,2.753,8.3908
us,1982,30.1344,43.1972,3.7116
us,1983,20.3866,3.8687,4.1922
us,1984,7.9408,14.996,3.5329
us,1985,26.4065,27.0573,3.8863
us,1986,31.413,24.28,1.4599
us,1987,-2.3768,-2.6351,4.0468
us,1988,17.9599,6.1969,4.6672
us,1989,23.0107,15.2685,5.2023
us,1990,-0.8277,9.7304,5.6515
us,1991,31.956,16.326,2.6003
us,1992,7.7425,10.5266,3.2585
us,1993,11.7099,12.8193,2.5245
us,1994,1.1625,-7.3082,2.8044
us,1995,35.3293,24.3504,2.7279
us,1996,27.3799,-0.5264,3.044
us,1997,27.9168,15.0144,1.5713
us,1998,31.5153,12.2114,1.6708
us,1999,15.5788,-8.6709,2.7389
us,2000,-5.2137,18.663,3.7322
us,2001,-13.4734,6.0409,1.1422
us,2002,-20.1255,13.1814,2.5974
us,2003,28.5842,3.1009,1.9263
us,2004,6.0602,3.6807,2.9698
us,2005,10.1416,2.6671,3.9853
us,2006,13.3949,2.0747,2.0756
us,2007,-1.4236,13.6037,4.2803
us,2008,-35.6304,14.7711,0.0298
us,2009,33.2576,-6.8747,2.6257
us,2010,16.3875,6.0972,1.6318
us,2011,3.408,16.151,2.9252
us,2012,16.226,2.3226,1.5949
us,2013,25.6086,-5.9099,1.5789
us,2014,13.479,11.7725,-0.0893
us,2015,-3.4418,0.209,1.3731
us,2016,21.1129,-1.2519,2.5
us,2017,24.9941,0.9945,2.0705
us,2018,-4.7478,1.7521,1.5512
us,2019,28.1501,11.034,2.4866
us,2020,17.8649,7.3093,1.3998
us,2021,22.2143,-4.7918,7.4799
us,2022,-12.0094,-11.8956,6.4101
us,2023,23.5345,-0.5185,3.0909
us,2024,25.8191,-0.4539,3.0005
us,2025,17.3308,7.9187,2.3864
japan,1886,94.5161,18.2888,-11.8136
japan,1887,-5.0012,5.8923,6.3443
japan,1888,7.3316,3.1313,-1.7077
japan,1889,30.4742,7.1014,5.889
japan,1890,-18.456,3.3633,6.6269
japan,1891,3.8199,16.5637,-4.1966
japan,1892,56.7299,6.3906,-6.7584
japan,1893,7.3621,9.0189,1.2081
japan,1894,24.4484,-6.5036,3.183
japan,1895,34.496,5.7914,9.4473
japan,1896,54.4106,3.36,10.0411
japan,1897,-34.3973,2.8323,11.4194
japan,1898,-26.1092,5.6763,8.461
japan,1899,33.1448,5.6014,-5.6373
japan,1900,-16.1789,1.238,12.3538
japan,1901,-8.4584,0.3706,-2.1796
japan,1902,41.6449,10.3295,3.8745
japan,1903,16.9015,6.506,5.0007
japan,1904,1.3822,-1.6033,2.3162
japan,1905,46.6028,11.0594,3.8535
japan,1906,86.0787,6.5172,1.9716
japan,1907,-12.0725,1.0245,10.4599
japan,1908,-34.0965,6.4768,-3.4464
japan,1909,33.8814,15.5649,-3.8847
japan,1910,33.6711,9.29,0.2577
japan,1911,-11.3685,-3.7351,7.455
japan,1912,9.6532,-0.902,5.5459
japan,1913,0.029,3.3752,3.0291
japan,1914,-3.1652,0.8719,-7.88
japan,1915,32.7101,14.1002,-6.4047
japan,1916,95.5091,5.2729,8.0376
japan,1917,-6.7291,4.522,22.6731
japan,1918,19.2559,2.1139,34.6023
japan,1919,36.7431,2.3707,33.0473
japan,1920,-3.0862,1.3159,4.6032
japan,1921,-12.639,8.3253,-8.3575
japan,1922,-3.8429,5.9547,-1.5191
japan,1923,7.995,6.9164,-0.9007
japan,1924,7.429,6.5219,0.8932
japan,1925,12.2518,7.7953,1.2114
japan,1926,16.2757,6.3501,-4.5371
japan,1927,-6.5348,10.6812,-1.5324
japan,1928,10.6082,6.7999,-3.7982
japan,1929,-10.8193,3.9014,-2.2909
japan,1930,-27.4075,5.3372,-10.1598
japan,1931,12.479,0.7343,-11.5278
japan,1932,13.4861,18.2544,1.1143
japan,1933,33.7659,9.7576,3.0541
japan,1934,5.999,4.3421,1.4119
japan,1935,9.333,5.984,2.4743
japan,1936,8.1843,2.9045,2.3137
japan,1937,17.7164,4.703,7.8031
japan,1938,-2.3711,5.3559,9.5981
japan,1939,7.5086,4.3386,11.8177
japan,1940,9.5591,2.9784,16.2611
japan,1941,-17.9195,3.83,1.3995
japan,1942,24.8502,3.78,2.7562
japan,1943,23.0098,3.77,6.0423
japan,1944,7.2212,3.76,35.2921
japan,1945,3.8293,3.76,975.6406
japan,1946,,3.7,90.7032
japan,1947,,3.7,125.3268
japan,1948,47.5098,4.5,75.9274
japan,1949,113.0685,5.52,31.8874
japan,1950,-27.8197,5.5,-6.8667
japan,1951,42.1481,5.5,17.9678
japan,1952,81.0193,5.5,4.9895
japan,1953,56.9774,5.5,6.5533
japan,1954,-7.8938,6.32,6.4319
japan,1955,21.1224,6.32,-1.191
japan,1956,46.4588,6.34,0.4464
japan,1957,17.6345,6.32,3.1111
japan,1958,12.5268,6.32,-0.431
japan,1959,53.7497,6.32,0.8658
japan,1960,36.3173,6.43,3.8627
japan,1961,20.459,6.43,5.3719
japan,1962,-2.0124,6.43,6.6667
japan,1963,10.7045,6.43,7.7206
japan,1964,-8.8919,6.892,3.7543
japan,1965,0.4956,7.354,6.5789
japan,1966,25.8591,7.1021,5.2469
japan,1967,5.6219,6.3718,3.8123
japan,1968,13.8424,6.582,5.3672
japan,1969,34.0694,6.624,5.3619
japan,1970,9.358,6.651,7.6336
japan,1971,12.7328,6.76,6.0694
japan,1972,61.18,8.758,4.6321
japan,1973,30.8977,-0.1895,11.4583
japan,1974,-12.4472,5.6519,24.5327
japan,1975,5.0883,7.9958,11.8199
japan,1976,14.6413,8.1222,9.396
japan,1977,10.2241,21.6409,7.9755
japan,1978,13.7539,7.3601,3.8352
japan,1979,10.1402,-5.9665,3.5568
japan,1980,6.383,6.6298,8.0581
japan,1981,17.5476,13.9202,4.89
japan,1982,0.6099,10.2312,2.6807
japan,1983,22.3083,11.1957,1.8161
japan,1984,27.473,13.0005,2.2297
japan,1985,21.5267,11.859,1.9629
japan,1986,31.6922,6.0919,0.6417
japan,1987,47.5165,4.5965,0.1063
japan,1988,9.6631,4.9065,0.7431
japan,1989,20.6925,-0.851,2.2129
japan,1990,-13.175,-1.7408,3.0928
japan,1991,-15.5095,16.1071,3.3
japan,1992,-26.12,11.5334,1.6457
japan,1993,12.973,15.0031,1.3333
japan,1994,6.5417,-6.2245,0.6579
japan,1995,-13.6819,15.7742,-0.0934
japan,1996,16.9805,7.1756,0.0935
japan,1997,-12.7927,10.7799,1.774
japan,1998,-14.8928,2.4724,0.6422
japan,1999,20.5168,4.5104,-0.2735
japan,2000,12.0549,1.4769,-0.7313
japan,2001,-21.7895,5.542,-0.7397
japan,2002,-16.842,6.7754,-0.9242
japan,2003,-4.5522,-2.7012,-0.2586
japan,2004,25.2901,1.7643,-0.0103
japan,2005,15.39,1.9996,-0.283
japan,2006,27.1687,0.4491,0.2518
japan,2007,2.6862,3.8805,0.0628
japan,2008,-27.3467,5.4805,1.3845
japan,2009,-24.9922,0.9678,-1.3494
japan,2010,3.7754,3.9183,-0.722
japan,2011,-4.8242,3.4296,-0.2724
japan,2012,-4.3643,3.6148,-0.0561
japan,2013,72.1681,1.6944,0.343
japan,2014,10.3854,5.3687,2.7614
japan,2015,11.1657,1.7814,0.7922
japan,2016,0.52,16.2673,-0.114
japan,2017,21.94,-0.089,0.4862
japan,2018,-15.17,3.3489,0.9891
japan,2019,18.48,4.6603,0.4681
japan,2020,7.83,0.4445,-0.027
japan,2021,12.74,-0.5,-0.23
japan,2022,-2.51,-3.8,2.5
japan,2023,28.27,1.6,3.27
japan,2024,19.16,-2.8,2.74
japan,2025,9.31,1.0,2.95
uk,1871,26.19,4.5144,1.4
uk,1872,6.31,1.6216,4.7
uk,1873,4.97,4.3956,3.1
uk,1874,3.17,2.8533,-3.3
uk,1875,7.53,5.7299,-1.9
uk,1876,6.84,3.3289,-0.3
uk,1877,8.87,4.4548,-0.7
uk,1878,0.52,2.2981,-2.2
uk,1879,15.65,6.3576,-4.4
uk,1880,13.81,4.4929,3.0
uk,1881,16.68,3.5724,-1.1
uk,1882,1.56,4.5677,1.0
uk,1883,0.31,2.6658,-0.5
uk,1884,3.4,1.8209,-2.7
uk,1885,2.96,3.6948,-3.0
uk,1886,2.65,3.5,-1.6
uk,1887,3.17,4.1791,-0.5
uk,1888,13.61,0.885,0.7
uk,1889,9.22,3.8027,1.4
uk,1890,4.22,1.1831,0.2
uk,1891,-0.41,2.5105,0.7
uk,1892,0.43,5.1181,0.4
uk,1893,-0.09,3.5302,-0.7
uk,1894,10.75,7.9669,-2.0
uk,1895,12.32,6.1212,-1.0
uk,1896,12.21,6.8541,-0.3
uk,1897,6.83,3.8202,1.5
uk,1898,5.24,0.2772,0.3
uk,1899,4.67,-6.3456,0.7
uk,1900,9.46,-0.4351,5.1
uk,1901,4.91,-1.6046,0.5
uk,1902,5.89,1.9486,0.0
uk,1903,1.67,-2.7631,0.4
uk,1904,11.12,4.1458,-0.2
uk,1905,10.94,3.583,0.4
uk,1906,9.63,-1.0846,0.0
uk,1907,-0.16,0.0132,1.2
uk,1908,4.5682,3.5945,0.5
uk,1909,11.0602,1.818,0.5
uk,1910,1.4817,-1.3062,0.9
uk,1911,1.6036,0.225,0.1
uk,1912,3.4422,0.7547,3.0
uk,1913,-3.7963,-1.3174,-0.4
uk,1914,-0.064,4.4682,-0.3
uk,1915,2.6,3.4,12.5
uk,1916,-2.4708,-20.2986,18.1
uk,1917,9.5101,3.0637,25.2
uk,1918,20.7742,12.7967,22.0
uk,1919,9.5556,-8.4263,10.1
uk,1920,-21.3397,-7.3387,15.4
uk,1921,-0.7442,16.4649,-8.6
uk,1922,26.24,15.9672,-14.0
uk,1923,0.9125,4.2221,-6.0
uk,1924,20.1717,7.352,-0.7
uk,1925,15.1236,0.3139,0.3
uk,1926,6.5915,2.8755,-0.8
uk,1927,8.5782,7.1688,-2.4
uk,1928,16.4685,5.9311,-0.3
uk,1929,-14.2338,-1.5965,-0.9
uk,1930,-4.8602,13.1428,-2.8
uk,1931,-20.1314,-0.5443,-4.3
uk,1932,34.2286,40.3182,-2.6
uk,1933,24.4091,3.1661,-2.1
uk,1934,14.0471,27.6968,0.0
uk,1935,13.9908,-3.119,0.7
uk,1936,19.1972,0.2684,0.7
uk,1937,-13.0434,-9.2034,3.4
uk,1938,-9.7899,-2.1813,1.6
uk,1939,1.8271,0.954,2.8
uk,1940,-4.8895,15.9367,16.8
uk,1941,22.7333,10.5643,10.8
uk,1942,18.437,2.7593,7.1
uk,1943,11.04,-0.4982,3.4
uk,1944,12.45,5.725,2.7
uk,1945,6.4615,14.8149,2.8
uk,1946,17.7313,10.761,3.1
uk,1947,-2.5769,-14.3347,7.0
uk,1948,-3.6759,0.697,7.7
uk,1949,-5.7006,-8.9347,2.8
uk,1950,10.9574,4.0642,3.9185
uk,1951,8.2295,-9.6837,9.0498
uk,1952,-0.1412,-0.685,10.6501
uk,1953,24.4306,13.861,3.625
uk,1954,48.6165,6.0638,2.2919
uk,1955,10.8628,-10.1183,5.0708
uk,1956,-9.1641,-2.9814,5.1627
uk,1957,-0.9477,-6.3057,3.842
uk,1958,47.7424,17.0271,2.8777
uk,1959,54.8623,0.9832,0.5994
uk,1960,1.8391,-7.1032,0.7944
uk,1961,1.8128,-7.944,3.2512
uk,1962,0.379,24.7768,4.1985
uk,1963,19.8082,3.634,2.1062
uk,1964,-5.41,-2.3652,3.2287
uk,1965,11.1743,4.3927,4.2572
uk,1966,-3.8407,4.2149,4.0
uk,1967,34.1902,2.3494,2.2436
uk,1968,48.1952,-2.3348,3.9969
uk,1969,-11.8731,-0.2488,5.1997
uk,1970,-3.4857,3.4527,6.5186
uk,1971,46.6016,26.908,9.4149
uk,1972,16.3745,-4.1294,7.1911
uk,1973,-28.0009,-8.7871,9.3463
uk,1974,-50.1952,-15.768,15.7315
uk,1975,149.6069,36.1257,22.7005
uk,1976,2.3265,13.8826,15.6573
uk,1977,48.5602,45.5556,14.9425
uk,1978,8.6659,-2.5752,7.4722
uk,1979,11.4814,4.1836,11.3724
uk,1980,34.8331,19.1252,15.1543
uk,1981,13.6274,9.9868,11.8098
uk,1982,28.492,53.5222,8.111
uk,1983,28.7792,7.8283,4.935
uk,1984,31.5741,3.7561,4.258
uk,1985,20.1366,19.9184,4.9223
uk,1986,27.2176,12.539,3.3261
uk,1987,8.6509,17.8991,3.2049
uk,1988,11.484,6.8684,3.7592
uk,1989,35.4682,8.21,5.2376
uk,1990,-9.6108,8.2109,6.9727
uk,1991,20.8054,18.4824,7.5326
uk,1992,19.8887,20.0163,4.2615
uk,1993,27.5481,22.7906,2.5065
uk,1994,-5.9496,-10.413,1.9785
uk,1995,23.021,17.5601,2.6565
uk,1996,15.8099,7.7644,2.4003
uk,1997,23.5671,16.7595,1.8246
uk,1998,13.674,21.1694,1.5574
uk,1999,23.799,-4.1475,1.3287
uk,2000,-5.9403,9.7945,0.7965
uk,2001,-13.2198,2.9549,1.2335
uk,2002,-22.2603,10.2087,1.2589
uk,2003,20.1757,2.1114,1.3616
uk,2004,12.595,6.6381,1.3435
uk,2005,21.6436,8.5014,2.0569
uk,2006,16.4316,-0.502,2.3287
uk,2007,5.0815,6.2061,2.3228
uk,2008,-29.7511,15.9729,3.6019
uk,2009,28.952,-1.5164,2.1653
uk,2010,14.1579,10.1185,3.2982
uk,2011,-3.4273,18.4079,4.4637
uk,2012,12.1456,3.8486,2.8282
uk,2013,20.5382,-6.1271,2.5648
uk,2014,1.1954,15.5964,1.461
uk,2015,1.0999,0.7676,0.0401
uk,2016,15.41,7.1265,0.6597
uk,2017,14.07,3.7439,2.7
uk,2018,-9.55,2.233,2.5
uk,2019,18.38,5.7202,1.8
uk,2020,-9.44,5.7524,0.9
uk,2021,18.3,-5.2,4.1
uk,2022,0.3,-23.8,11.6
uk,2023,7.9,3.7,7.3
uk,2024,9.5,-3.5,3.6
uk,2025,11.5,2.0,3.5
germany,1871,37.3252,14.1904,4.5045
germany,1872,13.3467,4.9743,6.0345
germany,1873,-9.7365,6.4562,5.6911
germany,1874,-3.5791,6.1976,0.7692
germany,1875,-8.1555,4.7439,-5.3435
germany,1876,7.5686,4.0216,0.8065
germany,1877,0.7355,3.8433,-1.6
germany,1878,9.3656,5.012,-3.252
germany,1879,33.3046,5.9519,-2.521
germany,1880,12.8148,6.5212,4.3103
germany,1881,17.5136,4.6946,-1.6529
germany,1882,-0.3735,4.2355,0.8403
germany,1883,8.3662,4.6307,-3.3333
germany,1884,6.5524,5.0992,-0.8621
germany,1885,1.0079,5.1388,-2.6087
germany,1886,9.613,5.3658,-0.8929
germany,1887,0.6245,3.3851,0.0
germany,1888,16.5832,5.7114,0.9009
germany,1889,17.2782,3.0128,3.5714
germany,1890,-4.3402,0.0945,2.5862
germany,1891,-4.2406,3.3853,1.6807
germany,1892,5.6863,4.6211,-0.8264
germany,1893,4.5284,3.6572,-5.8333
germany,1894,16.9764,8.4797,-1.7699
germany,1895,13.1859,4.6782,1.8018
germany,1896,8.8972,2.424,0.885
germany,1897,7.7654,2.0682,1.7544
germany,1898,8.9692,0.8859,0.0
germany,1899,3.7263,-1.4999,2.5862
germany,1900,-6.7257,2.691,2.521
germany,1901,3.8567,6.2203,0.0
germany,1902,8.6807,4.0764,0.8197
germany,1903,10.0975,3.315,0.0
germany,1904,12.4723,2.7774,0.0
germany,1905,8.8285,2.7354,3.252
germany,1906,5.8563,1.7609,5.5118
germany,1907,2.507,0.3328,-0.7463
germany,1908,2.0598,5.7572,0.0
germany,1909,14.0282,3.4414,3.0075
germany,1910,7.81,3.3985,3.6496
germany,1911,5.2489,2.4637,0.0
germany,1912,5.9383,0.179,1.4085
germany,1913,4.0864,2.2682,0.6944
germany,1914,-8.573,4.5501,2.7586
germany,1915,9.8159,6.5365,25.5034
germany,1916,15.3507,4.3195,31.5508
germany,1917,23.3723,3.1542,50.0
germany,1918,-26.5948,3.8629,23.0352
germany,1919,59.0097,6.7362,32.8194
germany,1920,68.5028,12.0006,145.4395
germany,1921,123.8193,43.1718,31.0811
germany,1922,2069.4435,4.7298,1023.7113
germany,1923,263907481600.0,6.1141,105709670324.3354
germany,1924,4.1484,6.8275,729.1767
germany,1925,-34.7819,6.7294,9.375
germany,1926,137.7604,4.8268,0.7143
germany,1927,-7.3908,4.7134,4.9645
germany,1928,11.1629,5.3088,2.7027
germany,1929,-22.215,4.6712,1.3158
germany,1930,-27.1952,6.8387,-3.8961
germany,1931,-34.1824,-12.4219,-8.1081
germany,1932,13.7115,24.3992,-11.0294
germany,1933,14.4189,20.9618,-2.4793
germany,1934,14.0083,4.5467,2.5424
germany,1935,16.0275,4.6375,1.6529
germany,1936,29.8902,7.1116,0.813
germany,1937,1.7761,9.561,0.8065
germany,1938,-2.7276,6.6617,0.8
germany,1939,13.3669,4.5717,0.0
germany,1940,33.7694,7.7672,3.1746
germany,1941,7.4765,6.9006,2.3077
germany,1942,14.26,6.1129,3.0075
germany,1943,4.271,6.4544,0.7299
germany,1944,3.1703,,2.1739
germany,1945,-13.4349,,2.8369
germany,1946,-9.7041,,8.9655
germany,1947,8.5387,,6.962
germany,1948,-88.4147,,15.3846
germany,1949,136.8189,6.4588,7.0352
germany,1950,-8.3105,3.7012,-6.2201
germany,1951,117.7476,3.5919,7.6531
germany,1952,21.7917,6.2941,2.1327
germany,1953,25.1899,1.4949,-1.8561
germany,1954,89.2624,7.1288,0.2364
germany,1955,11.0411,10.2447,1.6509
germany,1956,-4.8883,-5.6685,2.5522
germany,1957,7.799,-0.2312,2.1116
germany,1958,61.1098,12.7051,2.0864
germany,1959,81.9619,9.1758,0.9767
germany,1960,37.9163,2.0546,1.4867
germany,1961,-6.9643,9.9887,2.2767
germany,1962,-21.5305,5.5385,2.8818
germany,1963,12.0493,5.4773,2.9856
germany,1964,9.5103,6.9307,2.3453
germany,1965,-11.8911,0.1762,3.2304
germany,1966,-13.6337,0.0972,3.6226
germany,1967,37.9157,15.8896,1.6067
germany,1968,15.9881,8.9202,1.6252
germany,1969,19.1456,0.9404,1.8729
germany,1970,-21.5191,5.4736,3.4366
germany,1971,7.2337,8.5388,5.2365
germany,1972,16.4312,4.0692,5.4956
germany,1973,-15.1247,3.291,6.9951
germany,1974,2.4215,8.2334,6.9636
germany,1975,31.1562,13.4946,5.94
germany,1976,-2.2198,11.1454,4.2966
germany,1977,12.4508,13.5628,3.6911
germany,1978,11.9187,3.7436,2.6862
germany,1979,-9.3715,0.5099,4.116
germany,1980,3.3765,3.1024,5.4204
germany,1981,2.7976,5.0719,6.325
germany,1982,14.8125,18.5699,5.2669
germany,1983,39.3294,4.9066,3.276
germany,1984,10.9892,13.1914,2.4079
germany,1985,66.6514,10.2597,2.1823
germany,1986,15.0353,8.6205,-0.125
germany,1987,-33.5088,6.8148,0.242
germany,1988,27.8991,4.95,1.2736
germany,1989,31.482,1.6103,2.7782
germany,1990,-6.9789,1.4066,2.6965
germany,1991,12.8555,11.1707,3.6362
germany,1992,-2.0868,13.4088,5.0579
germany,1993,46.7059,14.6619,4.4575
germany,1994,-7.0632,-2.5139,2.7335
germany,1995,6.9924,16.6929,1.8404
germany,1996,22.1419,7.5461,1.4878
germany,1997,40.8259,6.5617,1.5187
germany,1998,15.5356,11.2409,0.5854
germany,1999,31.6755,-1.9451,0.679
germany,2000,-9.9125,6.8553,1.4027
germany,2001,-17.9138,5.6241,1.9001
germany,2002,-39.9401,9.0192,1.3053
germany,2003,37.5763,4.0872,1.0934
germany,2004,8.4665,6.7013,1.7504
germany,2005,28.2018,4.0816,1.929
germany,2006,24.0872,0.2688,1.7848
germany,2007,20.4231,2.5138,2.2894
germany,2008,-42.5787,10.144,2.7451
germany,2009,25.404,4.9247,0.2462
germany,2010,18.4575,4.0067,1.1187
germany,2011,-14.816,8.2909,2.4825
germany,2012,29.2628,4.64,2.1506
germany,2013,26.746,-0.4857,1.5981
germany,2014,3.0945,7.1004,0.7692
germany,2015,11.3298,0.5129,0.6798
germany,2016,5.68,4.0645,0.3751
germany,2017,16.38,1.1384,1.711
germany,2018,-16.85,2.5324,1.935
germany,2019,22.77,5.8534,1.3533
germany,2020,7.59,3.208,0.3717
germany,2021,15.8,-2.7,3.1
germany,2022,-12.3,-18.5,6.9
germany,2023,20.3,5.7,5.9
germany,2024,18.8,-1.0,2.3
germany,2025,25.0,0.5,2.1
world,1871,15.0172,5.1486,1.527
world,1872,20.5784,3.8467,2.2555
world,1873,15.3884,6.5574,-4.4121
world,1874,5.2745,8.7022,-6.9226
world,1875,5.0043,8.9795,-5.7856
world,1876,-3.076,5.7916,0.8774
world,1877,-2.3871,5.4125,-15.6525
world,1878,-6.4943,5.3819,-10.3088
world,1879,16.4958,5.9091,20.69
world,1880,10.8911,6.7058,-5.7146
world,1881,7.4902,4.4148,8.0808
world,1882,1.7758,3.5994,-1.8687
world,1883,9.6628,3.7723,-7.6198
world,1884,0.3523,4.4986,-10.3088
world,1885,2.8022,4.8132,-3.4484
world,1886,5.3575,2.2025,0.0
world,1887,12.704,2.3647,4.7623
world,1888,18.4773,5.5418,-4.5458
world,1889,11.9934,3.7511,-4.7619
world,1890,-1.7991,1.8558,2.5
world,1891,-8.2638,3.8434,-6.0976
world,1892,0.9527,2.4512,7.7923
world,1893,-1.7759,4.2207,-13.2531
world,1894,12.97,5.7374,-4.1666
world,1895,14.4617,2.3801,1.4492
world,1896,6.9262,5.3076,-2.8571
world,1897,8.1842,3.8648,2.9412
world,1898,8.8299,5.4893,1.4286
world,1899,9.5222,2.7307,16.9014
world,1900,3.9962,3.6114,-2.4097
world,1901,-1.2581,2.4837,2.4692
world,1902,8.7103,2.2413,9.6386
world,1903,10.4738,2.5321,-4.3956
world,1904,8.4721,2.8007,2.2983
world,1905,11.4258,3.9461,0.0
world,1906,13.6592,1.5481,4.4944
world,1907,1.2443,2.1302,-2.1501
world,1908,5.445,4.8306,3.2964
world,1909,11.16,2.6244,10.6387
world,1910,5.816,3.4209,-6.7313
world,1911,5.6809,3.8135,-1.0303
world,1912,5.9453,0.6578,7.2914
world,1913,2.3678,6.8626,2.0408
world,1914,-0.7321,3.6071,1.0
world,1915,2.1925,5.8474,2.9703
world,1916,9.7196,2.704,12.5
world,1917,17.5645,1.6719,19.6581
world,1918,6.1961,5.217,17.8571
world,1919,-7.3409,1.0095,16.9697
world,1920,-31.2872,4.1673,-1.5544
world,1921,-6.5736,11.5626,-11.0526
world,1922,26.4245,3.913,-0.5917
world,1923,7.312,6.8592,2.9762
world,1924,5.3425,5.7534,0.0
world,1925,20.3434,5.3943,3.4682
world,1926,17.3084,6.5594,-2.2346
world,1927,28.709,3.4739,-1.1429
world,1928,17.8046,1.1982,-1.1561
world,1929,-8.1229,6.2317,0.0
world,1930,-21.8138,2.9295,-7.0175
world,1931,-27.206,0.6557,-10.0629
world,1932,-12.9128,6.8137,-9.7902
world,1933,56.9184,4.9436,2.3256
world,1934,21.6231,5.9612,3.0303
world,1935,19.5898,4.0138,1.4706
world,1936,17.2759,2.4292,2.1739
world,1937,-4.2253,3.7347,0.7092
world,1938,-1.8321,4.3103,-1.4085
world,1939,0.3634,3.6823,-0.7143
world,1940,33.5253,4.5107,1.4388
world,1941,29.6006,-2.3256,11.3475
world,1942,17.7512,2.4027,7.6433
world,1943,1.3205,2.413,2.9586
world,1944,4.565,3.452,2.2989
world,1945,9.6829,3.9542,2.2472
world,1946,-13.9797,1.697,18.1319
world,1947,-1.9608,0.66,10.2326
world,1948,-6.5162,3.5859,1.2658
world,1949,-0.5837,2.2489,-2.0833
world,1950,16.6381,0.2364,8.0851
world,1951,15.8871,1.6738,4.3307
world,1952,2.5371,1.4585,0.3774
world,1953,15.4688,6.0252,1.1278
world,1954,34.8254,1.2624,-0.7435
world,1955,17.9954,0.2981,0.3745
world,1956,7.4808,-1.5863,2.9851
world,1957,-2.1379,6.9256,3.6232
world,1958,17.0827,-4.3756,1.3986
world,1959,25.9952,-1.2951,1.0345
world,1960,5.7763,11.7971,1.7065
world,1961,16.0278,1.9236,0.6711
world,1962,-0.3355,6.1566,1.3333
world,1963,15.5834,1.2293,1.6447
world,1964,7.422,4.0981,0.9709
world,1965,-0.9406,0.9144,1.9231
world,1966,-6.6279,5.2353,3.4591
world,1967,18.9045,-2.3125,3.6474
world,1968,29.5676,1.7886,4.3988
world,1969,15.0809,-5.7115,6.1798
world,1970,-1.98,19.9506,5.291
world,1971,19.56,8.5366,3.2663
world,1972,23.55,2.4488,3.6496
world,1973,-14.51,3.0163,9.3897
world,1974,-24.48,3.9941,11.8026
world,1975,34.5,6.4369,6.7179
world,1976,14.71,11.8726,5.2158
world,1977,5.0,2.2166,6.8376
world,1978,18.22,0.8022,9.28
world,1979,12.67,-1.2962,13.9092
world,1980,27.72,0.6756,11.8252
world,1981,-3.3,2.753,8.3908
world,1982,11.27,43.1972,3.7116
world,1983,23.28,3.8687,4.1922
world,1984,5.77,14.996,3.5329
world,1985,41.77,27.0573,3.8863
world,1986,42.8,24.28,1.4599
world,1987,16.76,-2.6351,4.0468
world,1988,23.95,6.1969,4.6672
world,1989,17.19,15.2685,5.2023
world,1990,-16.52,9.7304,5.6515
world,1991,18.97,16.326,2.6003
world,1992,-4.66,10.5266,3.2585
world,1993,23.13,12.8193,2.5245
world,1994,5.58,-7.3082,2.8044
world,1995,21.32,24.3504,2.7279
world,1996,14.0,-0.5264,3.044
world,1997,16.23,15.0144,1.5713
world,1998,24.8,12.2114,1.6708
world,1999,25.34,-8.6709,2.7389
world,2000,-12.92,18.663,3.7322
world,2001,-16.52,6.0409,1.1422
world,2002,-19.54,13.1814,2.5974
world,2003,33.76,3.1009,1.9263
world,2004,15.25,3.6807,2.9698
world,2005,10.02,2.6671,3.9853
world,2006,20.65,2.0747,2.0756
world,2007,9.57,13.6037,4.2803
world,2008,-40.33,14.7711,0.0298
world,2009,30.79,-6.8747,2.6257
world,2010,12.34,6.0972,1.6318
world,2011,-5.02,16.151,2.9252
world,2012,16.54,2.3226,1.5949
world,2013,27.37,-5.9099,1.5789
world,2014,5.5,11.7725,-0.0893
world,2015,-0.32,0.209,1.3731
world,2016,8.15,-1.2519,2.5
world,2017,23.07,0.9945,2.0705
world,2018,-8.2,1.7521,1.5512
world,2019,28.4,11.034,2.4866
world,2020,16.5,7.3093,1.3998
world,2021,22.35,-4.7918,7.4799
world,2022,-17.73,-11.8956,6.4101
world,2023,24.42,-0.5185,3.0909
world,2024,19.19,-0.4539,3.0005
world,2025,21.6,7.9187,2.3864
