market,sample_start,sample_end,model,timing,cut_pct,cut_below_pct,early_cut_pct,early_cut_below_pct,early_years,period,stock_pct,rate_pct,n_windows,n_skipped,n_success,success_pct,median_terminal_per_1000,min_terminal_per_1000,failed_starts
us,1926,1995,inflation_adjusted,start,,,,,,15,100,3,56,0,56,100.0,3086.0,491.0,
us,1926,1995,inflation_adjusted,start,,,,,,15,100,4,56,0,56,100.0,2514.0,285.0,
us,1926,1995,inflation_adjusted,start,,,,,,15,100,5,56,0,56,100.0,2088.0,78.0,
us,1926,1995,inflation_adjusted,start,,,,,,15,100,6,56,0,48,85.7,1725.0,0.0,1929 1930 1937 1966 1968 1969 1972 1973
us,1926,1995,inflation_adjusted,start,,,,,,15,100,7,56,0,44,78.6,1200.0,0.0,1929 1930 1937 1965 1966 1967 1968 1969 1970 1971 1972 1973
us,1926,1995,inflation_adjusted,start,,,,,,15,100,8,56,0,39,69.6,569.0,0.0,1928 1929 1930 1931 1936 1937 1964 1965 1966 1967 1968 1969 1970 1971 1972 1973 1974
us,1926,1995,inflation_adjusted,start,,,,,,15,100,9,56,0,31,55.4,207.0,0.0,1928 1929 1930 1931 1936 1937 1938 1939 1940 1946 1962 1963 1964 1965 1966 1967 1968 1969 1970 1971 1972 1973 1974 1976 1977
us,1926,1995,inflation_adjusted,start,,,,,,15,100,10,56,0,28,50.0,1.0,0.0,1928 1929 1930 1931 1934 1936 1937 1938 1939 1940 1941 1946 1961 1962 1963 1964 1965 1966 1967 1968 1969 1970 1971 1972 1973 1974 1976 1977
us,1926,1995,inflation_adjusted,start,,,,,,15,100,11,56,0,20,35.7,0.0,0.0,1927 1928 1929 1930 1931 1934 1935 1936 1937 1938 1939 1940 1941 1946 1956 1957 1959 1960 1961 1962 1963 1964 1965 1966 1967 1968 1969 1970 1971 1972 1973 1974 1975 1976 1977 1978
us,1926,1995,inflation_adjusted,start,,,,,,15,100,12,56,0,14,25.0,0.0,0.0,1926 1927 1928 1929 1930 1931 1934 1935 1936 1937 1938 1939 1940 1941 1944 1945 1946 1956 1957 1959 1960 1961 1962 1963 1964 1965 1966 1967 1968 1969 1970 1971 1972 1973 1974 1975 1976 1977 1978 1979 1980 1981
us,1926,1995,inflation_adjusted,start,,,,,,15,75,3,56,0,56,100.0,2351.0,765.0,
us,1926,1995,inflation_adjusted,start,,,,,,15,75,4,56,0,56,100.0,2030.0,562.0,
us,1926,1995,inflation_adjusted,start,,,,,,15,75,5,56,0,56,100.0,1595.0,359.0,
us,1926,1995,inflation_adjusted,start,,,,,,15,75,6,56,0,52,92.9,1124.0,0.0,1968 1969 1972 1973
us,1926,1995,inflation_adjusted,start,,,,,,15,75,7,56,0,44,78.6,770.0,0.0,1929 1937 1965 1966 1967 1968 1969 1970 1971 1972 1973 1974
us,1926,1995,inflation_adjusted,start,,,,,,15,75,8,56,0,39,69.6,320.0,0.0,1929 1930 1936 1937 1939 1940 1964 1965 1966 1967 1968 1969 1970 1971 1972 1973 1974
us,1926,1995,inflation_adjusted,start,,,,,,15,75,9,56,0,28,50.0,46.0,0.0,1928 1929 1930 1931 1934 1936 1937 1938 1939 1940 1941 1946 1961 1962 1963 1964 1965 1966 1967 1968 1969 1970 1971 1972 1973 1974 1976 1977
us,1926,1995,inflation_adjusted,start,,,,,,15,75,10,56,0,21,37.5,0.0,0.0,1928 1929 1930 1931 1934 1935 1936 1937 1938 1939 1940 1941 1945 1946 1956 1959 1960 1961 1962 1963 1964 1965 1966 1967 1968 1969 1970 1971 1972 1973 1974 1975 1976 1977 1978
us,1926,1995,inflation_adjusted,start,,,,,,15,75,11,56,0,16,28.6,0.0,0.0,1928 1929 1930 1931 1934 1935 1936 1937 1938 1939 1940 1941 1942 1943 1944 1945 1946 1956 1957 1959 1960 1961 1962 1963 1964 1965 1966 1967 1968 1969 1970 1971 1972 1973 1974 1975 1976 1977 1978 1979
us,1926,1995,inflation_adjusted,start,,,,,,15,75,12,56,0,7,12.5,0.0,0.0,1926 1927 1928 1929 1930 1931 1932 1933 1934 1935 1936 1937 1938 1939 1940 1941 1942 1943 1944 1945 1946 1947 1955 1956 1957 1958 1959 1960 1961 1962 1963 1964 1965 1966 1967 1968 1969 1970 1971 1972 1973 1974 1975 1976 1977 1978 1979 1980 1981
us,1926,1995,inflation_adjusted,start,,,,,,15,50,3,56,0,56,100.0,1903.0,988.0,
us,1926,1995,inflation_adjusted,start,,,,,,15,50,4,56,0,56,100.0,1430.0,758.0,
us,1926,1995,inflation_adjusted,start,,,,,,15,50,5,56,0,56,100.0,1115.0,398.0,
us,1926,1995,inflation_adjusted,start,,,,,,15,50,6,56,0,52,92.9,780.0,0.0,1968 1969 1972 1973
us,1926,1995,inflation_adjusted,start,,,,,,15,50,7,56,0,43,76.8,513.0,0.0,1937 1939 1940 1965 1966 1967 1968 1969 1970 1971 1972 1973 1974
us,1926,1995,inflation_adjusted,start,,,,,,15,50,8,56,0,34,60.7,191.0,0.0,1936 1937 1938 1939 1940 1941 1946 1962 1963 1964 1965 1966 1967 1968 1969 1970 1971 1972 1973 1974 1976 1977
us,1926,1995,inflation_adjusted,start,,,,,,15,50,9,56,0,21,37.5,0.0,0.0,1929 1930 1934 1935 1936 1937 1938 1939 1940 1941 1942 1944 1945 1946 1956 1959 1960 1961 1962 1963 1964 1965 1966 1967 1968 1969 1970 1971 1972 1973 1974 1975 1976 1977 1978
us,1926,1995,inflation_adjusted,start,,,,,,15,50,10,56,0,13,23.2,0.0,0.0,1928 1929 1930 1931 1934 1935 1936 1937 1938 1939 1940 1941 1942 1943 1944 1945 1946 1947 1955 1956 1957 1958 1959 1960 1961 1962 1963 1964 1965 1966 1967 1968 1969 1970 1971 1972 1973 1974 1975 1976 1977 1978 1979
us,1926,1995,inflation_adjusted,start,,,,,,15,50,11,56,0,6,10.7,0.0,0.0,1928 1929 1930 1931 1932 1933 1934 1935 1936 1937 1938 1939 1940 1941 1942 1943 1944 1945 1946 1947 1950 1951 1952 1953 1955 1956 1957 1958 1959 1960 1961 1962 1963 1964 1965 1966 1967 1968 1969 1970 1971 1972 1973 1974 1975 1976 1977 1978 1979 1980
us,1926,1995,inflation_adjusted,start,,,,,,15,50,12,56,0,0,0.0,0.0,0.0,1926 1927 1928 1929 1930 1931 1932 1933 1934 1935 1936 1937 1938 1939 1940 1941 1942 1943 1944 1945 1946 1947 1948 1949 1950 1951 1952 1953 1954 1955 1956 1957 1958 1959 1960 1961 1962 1963 1964 1965 1966 1967 1968 1969 1970 1971 1972 1973 1974 1975 1976 1977 1978 1979 1980 1981
us,1926,1995,inflation_adjusted,start,,,,,,15,25,3,56,0,56,100.0,1349.0,964.0,
us,1926,1995,inflation_adjusted,start,,,,,,15,25,4,56,0,56,100.0,1064.0,643.0,
us,1926,1995,inflation_adjusted,start,,,,,,15,25,5,56,0,56,100.0,749.0,322.0,
us,1926,1995,inflation_adjusted,start,,,,,,15,25,6,56,0,52,92.9,476.0,0.0,1968 1969 1972 1973
us,1926,1995,inflation_adjusted,start,,,,,,15,25,7,56,0,37,66.1,213.0,0.0,1936 1937 1938 1939 1940 1941 1945 1946 1964 1965 1966 1967 1968 1969 1970 1971 1972 1973 1974
us,1926,1995,inflation_adjusted,start,,,,,,15,25,8,56,0,24,42.9,0.0,0.0,1934 1935 1936 1937 1938 1939 1940 1941 1942 1943 1944 1945 1946 1947 1956 1961 1962 1963 1964 1965 1966 1967 1968 1969 1970 1971 1972 1973 1974 1975 1976 1977
us,1926,1995,inflation_adjusted,start,,,,,,15,25,9,56,0,9,16.1,0.0,0.0,1933 1934 1935 1936 1937 1938 1939 1940 1941 1942 1943 1944 1945 1946 1947 1948 1949 1950 1951 1952 1953 1954 1955 1956 1957 1958 1959 1960 1961 1962 1963 1964 1965 1966 1967 1968 1969 1970 1971 1972 1973 1974 1975 1976 1977 1978 1979
us,1926,1995,inflation_adjusted,start,,,,,,15,25,10,56,0,5,8.9,0.0,0.0,1929 1930 1931 1932 1933 1934 1935 1936 1937 1938 1939 1940 1941 1942 1943 1944 1945 1946 1947 1948 1949 1950 1951 1952 1953 1954 1955 1956 1957 1958 1959 1960 1961 1962 1963 1964 1965 1966 1967 1968 1969 1970 1971 1972 1973 1974 1975 1976 1977 1978 1979
us,1926,1995,inflation_adjusted,start,,,,,,15,25,11,56,0,2,3.6,0.0,0.0,1927 1928 1929 1930 1931 1932 1933 1934 1935 1936 1937 1938 1939 1940 1941 1942 1943 1944 1945 1946 1947 1948 1949 1950 1951 1952 1953 1954 1955 1956 1957 1958 1959 1960 1961 1962 1963 1964 1965 1966 1967 1968 1969 1970 1971 1972 1973 1974 1975 1976 1977 1978 1979 1980
us,1926,1995,inflation_adjusted,start,,,,,,15,25,12,56,0,0,0.0,0.0,0.0,1926 1927 1928 1929 1930 1931 1932 1933 1934 1935 1936 1937 1938 1939 1940 1941 1942 1943 1944 1945 1946 1947 1948 1949 1950 1951 1952 1953 1954 1955 1956 1957 1958 1959 1960 1961 1962 1963 1964 1965 1966 1967 1968 1969 1970 1971 1972 1973 1974 1975 1976 1977 1978 1979 1980 1981
us,1926,1995,inflation_adjusted,start,,,,,,15,0,3,56,0,56,100.0,935.0,529.0,
us,1926,1995,inflation_adjusted,start,,,,,,15,0,4,56,0,56,100.0,678.0,262.0,
us,1926,1995,inflation_adjusted,start,,,,,,15,0,5,56,0,55,98.2,410.0,0.0,1941
us,1926,1995,inflation_adjusted,start,,,,,,15,0,6,56,0,41,73.2,155.0,0.0,1939 1940 1941 1942 1943 1944 1945 1946 1966 1967 1968 1969 1971 1972 1973
us,1926,1995,inflation_adjusted,start,,,,,,15,0,7,56,0,17,30.4,0.0,0.0,1934 1935 1936 1937 1938 1939 1940 1941 1942 1943 1944 1945 1946 1947 1948 1949 1950 1951 1954 1955 1956 1958 1961 1962 1963 1964 1965 1966 1967 1968 1969 1970 1971 1972 1973 1974 1975 1976 1977
us,1926,1995,inflation_adjusted,start,,,,,,15,0,8,56,0,10,17.9,0.0,0.0,1933 1934 1935 1936 1937 1938 1939 1940 1941 1942 1943 1944 1945 1946 1947 1948 1949 1950 1951 1952 1953 1954 1955 1956 1957 1958 1959 1960 1961 1962 1963 1964 1965 1966 1967 1968 1969 1970 1971 1972 1973 1974 1975 1976 1977 1978
us,1926,1995,inflation_adjusted,start,,,,,,15,0,9,56,0,8,14.3,0.0,0.0,1932 1933 1934 1935 1936 1937 1938 1939 1940 1941 1942 1943 1944 1945 1946 1947 1948 1949 1950 1951 1952 1953 1954 1955 1956 1957 1958 1959 1960 1961 1962 1963 1964 1965 1966 1967 1968 1969 1970 1971 1972 1973 1974 1975 1976 1977 1978 1979
us,1926,1995,inflation_adjusted,start,,,,,,15,0,10,56,0,3,5.4,0.0,0.0,1927 1928 1930 1931 1932 1933 1934 1935 1936 1937 1938 1939 1940 1941 1942 1943 1944 1945 1946 1947 1948 1949 1950 1951 1952 1953 1954 1955 1956 1957 1958 1959 1960 1961 1962 1963 1964 1965 1966 1967 1968 1969 1970 1971 1972 1973 1974 1975 1976 1977 1978 1979 1980
us,1926,1995,inflation_adjusted,start,,,,,,15,0,11,56,0,1,1.8,0.0,0.0,1926 1927 1928 1929 1930 1931 1932 1933 1934 1935 1936 1937 1938 1939 1940 1941 1942 1943 1944 1945 1946 1947 1948 1949 1950 1951 1952 1953 1954 1955 1956 1957 1958 1959 1960 1961 1962 1963 1964 1965 1966 1967 1968 1969 1970 1971 1972 1973 1974 1975 1976 1977 1978 1979 1980
us,1926,1995,inflation_adjusted,start,,,,,,15,0,12,56,0,0,0.0,0.0,0.0,1926 1927 1928 1929 1930 1931 1932 1933 1934 1935 1936 1937 1938 1939 1940 1941 1942 1943 1944 1945 1946 1947 1948 1949 1950 1951 1952 1953 1954 1955 1956 1957 1958 1959 1960 1961 1962 1963 1964 1965 1966 1967 1968 1969 1970 1971 1972 1973 1974 1975 1976 1977 1978 1979 1980 1981
us,1926,1995,inflation_adjusted,start,,,,,,20,100,3,51,0,51,100.0,3793.0,597.0,
us,1926,1995,inflation_adjusted,start,,,,,,20,100,4,51,0,51,100.0,2610.0,186.0,
us,1926,1995,inflation_adjusted,start,,,,,,20,100,5,51,0,44,86.3,2152.0,0.0,1929 1930 1965 1966 1968 1969 1973
us,1926,1995,inflation_adjusted,start,,,,,,20,100,6,51,0,38,74.5,1399.0,0.0,1929 1930 1937 1964 1965 1966 1967 1968 1969 1970 1971 1972 1973
us,1926,1995,inflation_adjusted,start,,,,,,20,100,7,51,0,32,62.7,788.0,0.0,1928 1929 1930 1931 1936 1937 1962 1963 1964 1965 1966 1967 1968 1969 1970 1971 1972 1973 1974
us,1926,1995,inflation_adjusted,start,,,,,,20,100,8,51,0,25,49.0,0.0,0.0,1928 1929 1930 1931 1934 1936 1937 1939 1940 1959 1960 1961 1962 1963 1964 1965 1966 1967 1968 1969 1970 1971 1972 1973 1974 1976
us,1926,1995,inflation_adjusted,start,,,,,,20,100,9,51,0,19,37.3,0.0,0.0,1927 1928 1929 1930 1931 1934 1936 1937 1938 1939 1940 1941 1946 1956 1957 1959 1960 1961 1962 1963 1964 1965 1966 1967 1968 1969 1970 1971 1972 1973 1974 1976
us,1926,1995,inflation_adjusted,start,,,,,,20,100,10,51,0,16,31.4,0.0,0.0,1926 1927 1928 1929 1930 1931 1934 1935 1936 1937 1938 1939 1940 1941 1946 1956 1957 1959 1960 1961 1962 1963 1964 1965 1966 1967 1968 1969 1970 1971 1972 1973 1974 1975 1976
us,1926,1995,inflation_adjusted,start,,,,,,20,100,11,51,0,10,19.6,0.0,0.0,1926 1927 1928 1929 1930 1931 1932 1933 1934 1935 1936 1937 1938 1939 1940 1941 1944 1945 1946 1955 1956 1957 1958 1959 1960 1961 1962 1963 1964 1965 1966 1967 1968 1969 1970 1971 1972 1973 1974 1975 1976
us,1926,1995,inflation_adjusted,start,,,,,,20,100,12,51,0,7,13.7,0.0,0.0,1926 1927 1928 1929 1930 1931 1932 1933 1934 1935 1936 1937 1938 1939 1940 1941 1942 1943 1944 1945 1946 1947 1955 1956 1957 1958 1959 1960 1961 1962 1963 1964 1965 1966 1967 1968 1969 1970 1971 1972 1973 1974 1975 1976
us,1926,1995,inflation_adjusted,start,,,,,,20,75,3,51,0,51,100.0,3460.0,958.0,
us,1926,1995,inflation_adjusted,start,,,,,,20,75,4,51,0,51,100.0,2312.0,580.0,
us,1926,1995,inflation_adjusted,start,,,,,,20,75,5,51,0,46,90.2,1620.0,0.0,1965 1966 1968 1969 1973
us,1926,1995,inflation_adjusted,start,,,,,,20,75,6,51,0,37,72.5,947.0,0.0,1929 1930 1937 1962 1964 1965 1966 1967 1968 1969 1970 1971 1972 1973
us,1926,1995,inflation_adjusted,start,,,,,,20,75,7,51,0,29,56.9,238.0,0.0,1929 1930 1931 1936 1937 1939 1940 1960 1961 1962 1963 1964 1965 1966 1967 1968 1969 1970 1971 1972 1973 1974
us,1926,1995,inflation_adjusted,start,,,,,,20,75,8,51,0,20,39.2,0.0,0.0,1928 1929 1930 1931 1934 1936 1937 1938 1939 1940 1941 1946 1956 1957 1959 1960 1961 1962 1963 1964 1965 1966 1967 1968 1969 1970 1971 1972 1973 1974 1976
us,1926,1995,inflation_adjusted,start,,,,,,20,75,9,51,0,16,31.4,0.0,0.0,1928 1929 1930 1931 1934 1935 1936 1937 1938 1939 1940 1941 1945 1946 1956 1957 1958 1959 1960 1961 1962 1963 1964 1965 1966 1967 1968 1969 1970 1971 1972 1973 1974 1975 1976
us,1926,1995,inflation_adjusted,start,,,,,,20,75,10,51,0,8,15.7,0.0,0.0,1926 1927 1928 1929 1930 1931 1932 1933 1934 1935 1936 1937 1938 1939 1940 1941 1942 1943 1944 1945 1946 1955 1956 1957 1958 1959 1960 1961 1962 1963 1964 1965 1966 1967 1968 1969 1970 1971 1972 1973 1974 1975 1976
us,1926,1995,inflation_adjusted,start,,,,,,20,75,11,51,0,5,9.8,0.0,0.0,1926 1927 1928 1929 1930 1931 1932 1933 1934 1935 1936 1937 1938 1939 1940 1941 1942 1943 1944 1945 1946 1947 1952 1953 1955 1956 1957 1958 1959 1960 1961 1962 1963 1964 1965 1966 1967 1968 1969 1970 1971 1972 1973 1974 1975 1976
us,1926,1995,inflation_adjusted,start,,,,,,20,75,12,51,0,1,2.0,0.0,0.0,1926 1927 1928 1929 1930 1931 1932 1933 1934 1935 1936 1937 1938 1939 1940 1941 1942 1943 1944 1945 1946 1947 1948 1950 1951 1952 1953 1954 1955 1956 1957 1958 1959 1960 1961 1962 1963 1964 1965 1966 1967 1968 1969 1970 1971 1972 1973 1974 1975 1976
us,1926,1995,inflation_adjusted,start,,,,,,20,50,3,51,0,51,100.0,2350.0,1179.0,
us,1926,1995,inflation_adjusted,start,,,,,,20,50,4,51,0,51,100.0,1571.0,571.0,
us,1926,1995,inflation_adjusted,start,,,,,,20,50,5,51,0,45,88.2,970.0,0.0,1965 1966 1967 1968 1969 1973
us,1926,1995,inflation_adjusted,start,,,,,,20,50,6,51,0,34,66.7,386.0,0.0,1936 1937 1939 1940 1962 1963 1964 1965 1966 1967 1968 1969 1970 1971 1972 1973 1974
us,1926,1995,inflation_adjusted,start,,,,,,20,50,7,51,0,23,45.1,0.0,0.0,1929 1930 1934 1936 1937 1938 1939 1940 1941 1946 1956 1959 1960 1961 1962 1963 1964 1965 1966 1967 1968 1969 1970 1971 1972 1973 1974 1976
us,1926,1995,inflation_adjusted,start,,,,,,20,50,8,51,0,12,23.5,0.0,0.0,1928 1929 1930 1931 1934 1935 1936 1937 1938 1939 1940 1941 1942 1943 1944 1945 1946 1955 1956 1957 1958 1959 1960 1961 1962 1963 1964 1965 1966 1967 1968 1969 1970 1971 1972 1973 1974 1975 1976
us,1926,1995,inflation_adjusted,start,,,,,,20,50,9,51,0,7,13.7,0.0,0.0,1928 1929 1930 1931 1932 1933 1934 1935 1936 1937 1938 1939 1940 1941 1942 1943 1944 1945 1946 1947 1952 1953 1955 1956 1957 1958 1959 1960 1961 1962 1963 1964 1965 1966 1967 1968 1969 1970 1971 1972 1973 1974 1975 1976
us,1926,1995,inflation_adjusted,start,,,,,,20,50,10,51,0,0,0.0,0.0,0.0,1926 1927 1928 1929 1930 1931 1932 1933 1934 1935 1936 1937 1938 1939 1940 1941 1942 1943 1944 1945 1946 1947 1948 1949 1950 1951 1952 1953 1954 1955 1956 1957 1958 1959 1960 1961 1962 1963 1964 1965 1966 1967 1968 1969 1970 1971 1972 1973 1974 1975 1976
us,1926,1995,inflation_adjusted,start,,,,,,20,50,11,51,0,0,0.0,0.0,0.0,1926 1927 1928 1929 1930 1931 1932 1933 1934 1935 1936 1937 1938 1939 1940 1941 1942 1943 1944 1945 1946 1947 1948 1949 1950 1951 1952 1953 1954 1955 1956 1957 1958 1959 1960 1961 1962 1963 1964 1965 1966 1967 1968 1969 1970 1971 1972 1973 1974 1975 1976
us,1926,1995,inflation_adjusted,start,,,,,,20,50,12,51,0,0,0.0,0.0,0.0,1926 1927 1928 1929 1930 1931 1932 1933 1934 1935 1936 1937 1938 1939 1940 1941 1942 1943 1944 1945 1946 1947 1948 1949 1950 1951 1952 1953 1954 1955 1956 1957 1958 1959 1960 1961 1962 1963 1964 1965 1966 1967 1968 1969 1970 1971 1972 1973 1974 1975 1976
us,1926,1995,inflation_adjusted,start,,,,,,20,25,3,51,0,51,100.0,1446.0,990.0,
us,1926,1995,inflation_adjusted,start,,,,,,20,25,4,51,0,51,100.0,960.0,393.0,
us,1926,1995,inflation_adjusted,start,,,,,,20,25,5,51,0,38,74.5,444.0,0.0,1937 1939 1940 1941 1963 1964 1965 1966 1967 1968 1969 1972 1973
us,1926,1995,inflation_adjusted,start,,,,,,20,25,6,51,0,22,43.1,0.0,0.0,1934 1935 1936 1937 1938 1939 1940 1941 1942 1943 1944 1945 1946 1956 1959 1961 1962 1963 1964 1965 1966 1967 1968 1969 1970 1971 1972 1973 1974
us,1926,1995,inflation_adjusted,start,,,,,,20,25,7,51,0,12,23.5,0.0,0.0,1933 1934 1935 1936 1937 1938 1939 1940 1941 1942 1943 1944 1945 1946 1947 1950 1954 1955 1956 1957 1958 1959 1960 1961 1962 1963 1964 1965 1966 1967 1968 1969 1970 1971 1972 1973 1974 1975 1976
us,1926,1995,inflation_adjusted,start,,,,,,20,25,8,51,0,2,3.9,0.0,0.0,1928 1929 1930 1931 1932 1933 1934 1935 1936 1937 1938 1939 1940 1941 1942 1943 1944 1945 1946 1947 1948 1949 1950 1951 1952 1953 1954 1955 1956 1957 1958 1959 1960 1961 1962 1963 1964 1965 1966 1967 1968 1969 1970 1971 1972 1973 1974 1975 1976
us,1926,1995,inflation_adjusted,start,,,,,,20,25,9,51,0,0,0.0,0.0,0.0,1926 1927 1928 1929 1930 1931 1932 1933 1934 1935 1936 1937 1938 1939 1940 1941 1942 1943 1944 1945 1946 1947 1948 1949 1950 1951 1952 1953 1954 1955 1956 1957 1958 1959 1960 1961 1962 1963 1964 1965 1966 1967 1968 1969 1970 1971 1972 1973 1974 1975 1976
us,1926,1995,inflation_adjusted,start,,,,,,20,25,10,51,0,0,0.0,0.0,0.0,1926 1927 1928 1929 1930 1931 1932 1933 1934 1935 1936 1937 1938 1939 1940 1941 1942 1943 1944 1945 1946 1947 1948 1949 1950 1951 1952 1953 1954 1955 1956 1957 1958 1959 1960 1961 1962 1963 1964 1965 1966 1967 1968 1969 1970 1971 1972 1973 1974 1975 1976
us,1926,1995,inflation_adjusted,start,,,,,,20,25,11,51,0,0,0.0,0.0,0.0,1926 1927 1928 1929 1930 1931 1932 1933 1934 1935 1936 1937 1938 1939 1940 1941 1942 1943 1944 1945 1946 1947 1948 1949 1950 1951 1952 1953 1954 1955 1956 1957 1958 1959 1960 1961 1962 1963 1964 1965 1966 1967 1968 1969 1970 1971 1972 1973 1974 1975 1976
us,1926,1995,inflation_adjusted,start,,,,,,20,25,12,51,0,0,0.0,0.0,0.0,1926 1927 1928 1929 1930 1931 1932 1933 1934 1935 1936 1937 1938 1939 1940 1941 1942 1943 1944 1945 1946 1947 1948 1949 1950 1951 1952 1953 1954 1955 1956 1957 1958 1959 1960 1961 1962 1963 1964 1965 1966 1967 1968 1969 1970 1971 1972 1973 1974 1975 1976
us,1926,1995,inflation_adjusted,start,,,,,,20,0,3,51,0,51,100.0,796.0,256.0,
us,1926,1995,inflation_adjusted,start,,,,,,20,0,4,51,0,49,96.1,373.0,0.0,1940 1941
us,1926,1995,inflation_adjusted,start,,,,,,20,0,5,51,0,24,47.1,0.0,0.0,1934 1935 1936 1937 1938 1939 1940 1941 1942 1943 1944 1945 1946 1947 1950 1961 1962 1963 1964 1965 1966 1967 1968 1969 1971 1972 1973
us,1926,1995,inflation_adjusted,start,,,,,,20,0,6,51,0,7,13.7,0.0,0.0,1933 1934 1935 1936 1937 1938 1939 1940 1941 1942 1943 1944 1945 1946 1947 1948 1949 1950 1951 1952 1953 1954 1955 1956 1957 1958 1959 1960 1961 1962 1963 1964 1965 1966 1967 1968 1969 1970 1971 1972 1973 1974 1975 1976
us,1926,1995,inflation_adjusted,start,,,,,,20,0,7,51,0,5,9.8,0.0,0.0,1931 1932 1933 1934 1935 1936 1937 1938 1939 1940 1941 1942 1943 1944 1945 1946 1947 1948 1949 1950 1951 1952 1953 1954 1955 1956 1957 1958 1959 1960 1961 1962 1963 1964 1965 1966 1967 1968 1969 1970 1971 1972 1973 1974 1975 1976
us,1926,1995,inflation_adjusted,start,,,,,,20,0,8,51,0,1,2.0,0.0,0.0,1927 1928 1929 1930 1931 1932 1933 1934 1935 1936 1937 1938 1939 1940 1941 1942 1943 1944 1945 1946 1947 1948 1949 1950 1951 1952 1953 1954 1955 1956 1957 1958 1959 1960 1961 1962 1963 1964 1965 1966 1967 1968 1969 1970 1971 1972 1973 1974 1975 1976
us,1926,1995,inflation_adjusted,start,,,,,,20,0,9,51,0,0,0.0,0.0,0.0,1926 1927 1928 1929 1930 1931 1932 1933 1934 1935 1936 1937 1938 1939 1940 1941 1942 1943 1944 1945 1946 1947 1948 1949 1950 1951 1952 1953 1954 1955 1956 1957 1958 1959 1960 1961 1962 1963 1964 1965 1966 1967 1968 1969 1970 1971 1972 1973 1974 1975 1976
us,1926,1995,inflation_adjusted,start,,,,,,20,0,10,51,0,0,0.0,0.0,0.0,1926 1927 1928 1929 1930 1931 1932 1933 1934 1935 1936 1937 1938 1939 1940 1941 1942 1943 1944 1945 1946 1947 1948 1949 1950 1951 1952 1953 1954 1955 1956 1957 1958 1959 1960 1961 1962 1963 1964 1965 1966 1967 1968 1969 1970 1971 1972 1973 1974 1975 1976
us,1926,1995,inflation_adjusted,start,,,,,,20,0,11,51,0,0,0.0,0.0,0.0,1926 1927 1928 1929 1930 1931 1932 1933 1934 1935 1936 1937 1938 1939 1940 1941 1942 1943 1944 1945 1946 1947 1948 1949 1950 1951 1952 1953 1954 1955 1956 1957 1958 1959 1960 1961 1962 1963 1964 1965 1966 1967 1968 1969 1970 1971 1972 1973 1974 1975 1976
us,1926,1995,inflation_adjusted,start,,,,,,20,0,12,51,0,0,0.0,0.0,0.0,1926 1927 1928 1929 1930 1931 1932 1933 1934 1935 1936 1937 1938 1939 1940 1941 1942 1943 1944 1945 1946 1947 1948 1949 1950 1951 1952 1953 1954 1955 1956 1957 1958 1959 1960 1961 1962 1963 1964 1965 1966 1967 1968 1969 1970 1971 1972 1973 1974 1975 1976
us,1926,1995,inflation_adjusted,start,,,,,,25,100,3,46,0,46,100.0,5938.0,1017.0,
us,1926,1995,inflation_adjusted,start,,,,,,25,100,4,46,0,45,97.8,4352.0,0.0,1929
us,1926,1995,inflation_adjusted,start,,,,,,25,100,5,46,0,36,78.3,3009.0,0.0,1929 1930 1937 1964 1965 1966 1967 1968 1969 1970
us,1926,1995,inflation_adjusted,start,,,,,,25,100,6,46,0,30,65.2,1974.0,0.0,1928 1929 1930 1931 1937 1961 1962 1963 1964 1965 1966 1967 1968 1969 1970 1971
us,1926,1995,inflation_adjusted,start,,,,,,25,100,7,46,0,26,56.5,333.0,0.0,1928 1929 1930 1931 1936 1937 1939 1959 1960 1961 1962 1963 1964 1965 1966 1967 1968 1969 1970 1971
us,1926,1995,inflation_adjusted,start,,,,,,25,100,8,46,0,18,39.1,0.0,0.0,1926 1927 1928 1929 1930 1931 1934 1936 1937 1938 1939 1940 1946 1956 1957 1959 1960 1961 1962 1963 1964 1965 1966 1967 1968 1969 1970 1971
us,1926,1995,inflation_adjusted,start,,,,,,25,100,9,46,0,14,30.4,0.0,0.0,1926 1927 1928 1929 1930 1931 1934 1935 1936 1937 1938 1939 1940 1941 1946 1955 1956 1957 1958 1959 1960 1961 1962 1963 1964 1965 1966 1967 1968 1969 1970 1971
us,1926,1995,inflation_adjusted,start,,,,,,25,100,10,46,0,11,23.9,0.0,0.0,1926 1927 1928 1929 1930 1931 1932 1933 1934 1935 1936 1937 1938 1939 1940 1941 1945 1946 1955 1956 1957 1958 1959 1960 1961 1962 1963 1964 1965 1966 1967 1968 1969 1970 1971
us,1926,1995,inflation_adjusted,start,,,,,,25,100,11,46,0,9,19.6,0.0,0.0,1926 1927 1928 1929 1930 1931 1932 1933 1934 1935 1936 1937 1938 1939 1940 1941 1944 1945 1946 1953 1955 1956 1957 1958 1959 1960 1961 1962 1963 1964 1965 1966 1967 1968 1969 1970 1971
us,1926,1995,inflation_adjusted,start,,,,,,25,100,12,46,0,4,8.7,0.0,0.0,1926 1927 1928 1929 1930 1931 1932 1933 1934 1935 1936 1937 1938 1939 1940 1941 1942 1943 1944 1945 1946 1947 1952 1953 1954 1955 1956 1957 1958 1959 1960 1961 1962 1963 1964 1965 1966 1967 1968 1969 1970 1971
us,1926,1995,inflation_adjusted,start,,,,,,25,75,3,46,0,46,100.0,4618.0,1541.0,
us,1926,1995,inflation_adjusted,start,,,,,,25,75,4,46,0,46,100.0,3019.0,169.0,
us,1926,1995,inflation_adjusted,start,,,,,,25,75,5,46,0,36,78.3,2143.0,0.0,1929 1937 1962 1964 1965 1966 1967 1968 1969 1971
us,1926,1995,inflation_adjusted,start,,,,,,25,75,6,46,0,29,63.0,748.0,0.0,1929 1930 1936 1937 1959 1960 1961 1962 1963 1964 1965 1966 1967 1968 1969 1970 1971
us,1926,1995,inflation_adjusted,start,,,,,,25,75,7,46,0,19,41.3,0.0,0.0,1928 1929 1930 1931 1934 1936 1937 1938 1939 1940 1946 1956 1957 1958 1959 1960 1961 1962 1963 1964 1965 1966 1967 1968 1969 1970 1971
us,1926,1995,inflation_adjusted,start,,,,,,25,75,8,46,0,15,32.6,0.0,0.0,1927 1928 1929 1930 1931 1934 1935 1936 1937 1938 1939 1940 1941 1946 1955 1956 1957 1958 1959 1960 1961 1962 1963 1964 1965 1966 1967 1968 1969 1970 1971
us,1926,1995,inflation_adjusted,start,,,,,,25,75,9,46,0,8,17.4,0.0,0.0,1926 1927 1928 1929 1930 1931 1932 1933 1934 1935 1936 1937 1938 1939 1940 1941 1942 1943 1944 1945 1946 1955 1956 1957 1958 1959 1960 1961 1962 1963 1964 1965 1966 1967 1968 1969 1970 1971
us,1926,1995,inflation_adjusted,start,,,,,,25,75,10,46,0,3,6.5,0.0,0.0,1926 1927 1928 1929 1930 1931 1932 1933 1934 1935 1936 1937 1938 1939 1940 1941 1942 1943 1944 1945 1946 1947 1951 1952 1953 1954 1955 1956 1957 1958 1959 1960 1961 1962 1963 1964 1965 1966 1967 1968 1969 1970 1971
us,1926,1995,inflation_adjusted,start,,,,,,25,75,11,46,0,1,2.2,0.0,0.0,1926 1927 1928 1929 1930 1931 1932 1933 1934 1935 1936 1937 1938 1939 1940 1941 1942 1943 1944 1945 1946 1947 1948 1950 1951 1952 1953 1954 1955 1956 1957 1958 1959 1960 1961 1962 1963 1964 1965 1966 1967 1968 1969 1970 1971
us,1926,1995,inflation_adjusted,start,,,,,,25,75,12,46,0,0,0.0,0.0,0.0,1926 1927 1928 1929 1930 1931 1932 1933 1934 1935 1936 1937 1938 1939 1940 1941 1942 1943 1944 1945 1946 1947 1948 1949 1950 1951 1952 1953 1954 1955 1956 1957 1958 1959 1960 1961 1962 1963 1964 1965 1966 1967 1968 1969 1970 1971
us,1926,1995,inflation_adjusted,start,,,,,,25,50,3,46,0,46,100.0,2962.0,1634.0,
us,1926,1995,inflation_adjusted,start,,,,,,25,50,4,46,0,46,100.0,1889.0,3.0,
us,1926,1995,inflation_adjusted,start,,,,,,25,50,5,46,0,34,73.9,808.0,0.0,1937 1961 1962 1963 1964 1965 1966 1967 1968 1969 1970 1971
us,1926,1995,inflation_adjusted,start,,,,,,25,50,6,46,0,20,43.5,0.0,0.0,1929 1930 1934 1936 1937 1938 1939 1940 1941 1946 1956 1957 1958 1959 1960 1961 1962 1963 1964 1965 1966 1967 1968 1969 1970 1971
us,1926,1995,inflation_adjusted,start,,,,,,25,50,7,46,0,12,26.1,0.0,0.0,1928 1929 1930 1931 1934 1935 1936 1937 1938 1939 1940 1941 1942 1943 1944 1945 1946 1955 1956 1957 1958 1959 1960 1961 1962 1963 1964 1965 1966 1967 1968 1969 1970 1971
us,1926,1995,inflation_adjusted,start,,,,,,25,50,8,46,0,4,8.7,0.0,0.0,1927 1928 1929 1930 1931 1932 1933 1934 1935 1936 1937 1938 1939 1940 1941 1942 1943 1944 1945 1946 1947 1951 1952 1953 1954 1955 1956 1957 1958 1959 1960 1961 1962 1963 1964 1965 1966 1967 1968 1969 1970 1971
us,1926,1995,inflation_adjusted,start,,,,,,25,50,9,46,0,0,0.0,0.0,0.0,1926 1927 1928 1929 1930 1931 1932 1933 1934 1935 1936 1937 1938 1939 1940 1941 1942 1943 1944 1945 1946 1947 1948 1949 1950 1951 1952 1953 1954 1955 1956 1957 1958 1959 1960 1961 1962 1963 1964 1965 1966 1967 1968 1969 1970 1971
us,1926,1995,inflation_adjusted,start,,,,,,25,50,10,46,0,0,0.0,0.0,0.0,1926 1927 1928 1929 1930 1931 1932 1933 1934 1935 1936 1937 1938 1939 1940 1941 1942 1943 1944 1945 1946 1947 1948 1949 1950 1951 1952 1953 1954 1955 1956 1957 1958 1959 1960 1961 1962 1963 1964 1965 1966 1967 1968 1969 1970 1971
us,1926,1995,inflation_adjusted,start,,,,,,25,50,11,46,0,0,0.0,0.0,0.0,1926 1927 1928 1929 1930 1931 1932 1933 1934 1935 1936 1937 1938 1939 1940 1941 1942 1943 1944 1945 1946 1947 1948 1949 1950 1951 1952 1953 1954 1955 1956 1957 1958 1959 1960 1961 1962 1963 1964 1965 1966 1967 1968 1969 1970 1971
us,1926,1995,inflation_adjusted,start,,,,,,25,50,12,46,0,0,0.0,0.0,0.0,1926 1927 1928 1929 1930 1931 1932 1933 1934 1935 1936 1937 1938 1939 1940 1941 1942 1943 1944 1945 1946 1947 1948 1949 1950 1951 1952 1953 1954 1955 1956 1957 1958 1959 1960 1961 1962 1963 1964 1965 1966 1967 1968 1969 1970 1971
us,1926,1995,inflation_adjusted,start,,,,,,25,25,3,46,0,46,100.0,1618.0,931.0,
us,1926,1995,inflation_adjusted,start,,,,,,25,25,4,46,0,43,93.5,702.0,0.0,1965 1966 1967
us,1926,1995,inflation_adjusted,start,,,,,,25,25,5,46,0,19,41.3,0.0,0.0,1934 1936 1937 1938 1939 1940 1941 1942 1944 1945 1946 1956 1957 1958 1959 1960 1961 1962 1963 1964 1965 1966 1967 1968 1969 1970 1971
us,1926,1995,inflation_adjusted,start,,,,,,25,25,6,46,0,6,13.0,0.0,0.0,1929 1930 1931 1933 1934 1935 1936 1937 1938 1939 1940 1941 1942 1943 1944 1945 1946 1947 1950 1951 1952 1953 1954 1955 1956 1957 1958 1959 1960 1961 1962 1963 1964 1965 1966 1967 1968 1969 1970 1971
us,1926,1995,inflation_adjusted,start,,,,,,25,25,7,46,0,2,4.3,0.0,0.0,1928 1929 1930 1931 1932 1933 1934 1935 1936 1937 1938 1939 1940 1941 1942 1943 1944 1945 1946 1947 1948 1949 1950 1951 1952 1953 1954 1955 1956 1957 1958 1959 1960 1961 1962 1963 1964 1965 1966 1967 1968 1969 1970 1971
us,1926,1995,inflation_adjusted,start,,,,,,25,25,8,46,0,0,0.0,0.0,0.0,1926 1927 1928 1929 1930 1931 1932 1933 1934 1935 1936 1937 1938 1939 1940 1941 1942 1943 1944 1945 1946 1947 1948 1949 1950 1951 1952 1953 1954 1955 1956 1957 1958 1959 1960 1961 1962 1963 1964 1965 1966 1967 1968 1969 1970 1971
us,1926,1995,inflation_adjusted,start,,,,,,25,25,9,46,0,0,0.0,0.0,0.0,1926 1927 1928 1929 1930 1931 1932 1933 1934 1935 1936 1937 1938 1939 1940 1941 1942 1943 1944 1945 1946 1947 1948 1949 1950 1951 1952 1953 1954 1955 1956 1957 1958 1959 1960 1961 1962 1963 1964 1965 1966 1967 1968 1969 1970 1971
us,1926,1995,inflation_adjusted,start,,,,,,25,25,10,46,0,0,0.0,0.0,0.0,1926 1927 1928 1929 1930 1931 1932 1933 1934 1935 1936 1937 1938 1939 1940 1941 1942 1943 1944 1945 1946 1947 1948 1949 1950 1951 1952 1953 1954 1955 1956 1957 1958 1959 1960 1961 1962 1963 1964 1965 1966 1967 1968 1969 1970 1971
us,1926,1995,inflation_adjusted,start,,,,,,25,25,11,46,0,0,0.0,0.0,0.0,1926 1927 1928 1929 1930 1931 1932 1933 1934 1935 1936 1937 1938 1939 1940 1941 1942 1943 1944 1945 1946 1947 1948 1949 1950 1951 1952 1953 1954 1955 1956 1957 1958 1959 1960 1961 1962 1963 1964 1965 1966 1967 1968 1969 1970 1971
us,1926,1995,inflation_adjusted,start,,,,,,25,25,12,46,0,0,0.0,0.0,0.0,1926 1927 1928 1929 1930 1931 1932 1933 1934 1935 1936 1937 1938 1939 1940 1941 1942 1943 1944 1945 1946 1947 1948 1949 1950 1951 1952 1953 1954 1955 1956 1957 1958 1959 1960 1961 1962 1963 1964 1965 1966 1967 1968 1969 1970 1971
us,1926,1995,inflation_adjusted,start,,,,,,25,0,3,46,0,45,97.8,632.0,0.0,1941
us,1926,1995,inflation_adjusted,start,,,,,,25,0,4,46,0,19,41.3,0.0,0.0,1933 1934 1935 1936 1937 1938 1939 1940 1941 1942 1943 1944 1945 1946 1947 1950 1955 1956 1958 1961 1962 1963 1964 1965 1966 1967 1968
us,1926,1995,inflation_adjusted,start,,,,,,25,0,5,46,0,6,13.0,0.0,0.0,1932 1933 1934 1935 1936 1937 1938 1939 1940 1941 1942 1943 1944 1945 1946 1947 1948 1949 1950 1951 1952 1953 1954 1955 1956 1957 1958 1959 1960 1961 1962 1963 1964 1965 1966 1967 1968 1969 1970 1971
us,1926,1995,inflation_adjusted,start,,,,,,25,0,6,46,0,2,4.3,0.0,0.0,1928 1929 1930 1931 1932 1933 1934 1935 1936 1937 1938 1939 1940 1941 1942 1943 1944 1945 1946 1947 1948 1949 1950 1951 1952 1953 1954 1955 1956 1957 1958 1959 1960 1961 1962 1963 1964 1965 1966 1967 1968 1969 1970 1971
us,1926,1995,inflation_adjusted,start,,,,,,25,0,7,46,0,0,0.0,0.0,0.0,1926 1927 1928 1929 1930 1931 1932 1933 1934 1935 1936 1937 1938 1939 1940 1941 1942 1943 1944 1945 1946 1947 1948 1949 1950 1951 1952 1953 1954 1955 1956 1957 1958 1959 1960 1961 1962 1963 1964 1965 1966 1967 1968 1969 1970 1971
us,1926,1995,inflation_adjusted,start,,,,,,25,0,8,46,0,0,0.0,0.0,0.0,1926 1927 1928 1929 1930 1931 1932 1933 1934 1935 1936 1937 1938 1939 1940 1941 1942 1943 1944 1945 1946 1947 1948 1949 1950 1951 1952 1953 1954 1955 1956 1957 1958 1959 1960 1961 1962 1963 1964 1965 1966 1967 1968 1969 1970 1971
us,1926,1995,inflation_adjusted,start,,,,,,25,0,9,46,0,0,0.0,0.0,0.0,1926 1927 1928 1929 1930 1931 1932 1933 1934 1935 1936 1937 1938 1939 1940 1941 1942 1943 1944 1945 1946 1947 1948 1949 1950 1951 1952 1953 1954 1955 1956 1957 1958 1959 1960 1961 1962 1963 1964 1965 1966 1967 1968 1969 1970 1971
us,1926,1995,inflation_adjusted,start,,,,,,25,0,10,46,0,0,0.0,0.0,0.0,1926 1927 1928 1929 1930 1931 1932 1933 1934 1935 1936 1937 1938 1939 1940 1941 1942 1943 1944 1945 1946 1947 1948 1949 1950 1951 1952 1953 1954 1955 1956 1957 1958 1959 1960 1961 1962 1963 1964 1965 1966 1967 1968 1969 1970 1971
us,1926,1995,inflation_adjusted,start,,,,,,25,0,11,46,0,0,0.0,0.0,0.0,1926 1927 1928 1929 1930 1931 1932 1933 1934 1935 1936 1937 1938 1939 1940 1941 1942 1943 1944 1945 1946 1947 1948 1949 1950 1951 1952 1953 1954 1955 1956 1957 1958 1959 1960 1961 1962 1963 1964 1965 1966 1967 1968 1969 1970 1971
us,1926,1995,inflation_adjusted,start,,,,,,25,0,12,46,0,0,0.0,0.0,0.0,1926 1927 1928 1929 1930 1931 1932 1933 1934 1935 1936 1937 1938 1939 1940 1941 1942 1943 1944 1945 1946 1947 1948 1949 1950 1951 1952 1953 1954 1955 1956 1957 1958 1959 1960 1961 1962 1963 1964 1965 1966 1967 1968 1969 1970 1971
us,1926,1995,inflation_adjusted,start,,,,,,30,100,3,41,0,41,100.0,11134.0,2309.0,
us,1926,1995,inflation_adjusted,start,,,,,,30,100,4,41,0,39,95.1,9108.0,0.0,1929 1966
us,1926,1995,inflation_adjusted,start,,,,,,30,100,5,41,0,34,82.9,5908.0,0.0,1929 1930 1937 1962 1964 1965 1966
us,1926,1995,inflation_adjusted,start,,,,,,30,100,6,41,0,27,65.9,3338.0,0.0,1928 1929 1930 1931 1936 1937 1959 1960 1961 1962 1963 1964 1965 1966
us,1926,1995,inflation_adjusted,start,,,,,,30,100,7,41,0,21,51.2,683.0,0.0,1927 1928 1929 1930 1931 1934 1936 1937 1939 1940 1956 1957 1959 1960 1961 1962 1963 1964 1965 1966
us,1926,1995,inflation_adjusted,start,,,,,,30,100,8,41,0,16,39.0,0.0,0.0,1926 1927 1928 1929 1930 1931 1934 1936 1937 1938 1939 1940 1946 1955 1956 1957 1958 1959 1960 1961 1962 1963 1964 1965 1966
us,1926,1995,inflation_adjusted,start,,,,,,30,100,9,41,0,14,34.1,0.0,0.0,1926 1927 1928 1929 1930 1931 1934 1935 1936 1937 1938 1939 1940 1941 1946 1955 1956 1957 1958 1959 1960 1961 1962 1963 1964 1965 1966
us,1926,1995,inflation_adjusted,start,,,,,,30,100,10,41,0,9,22.0,0.0,0.0,1926 1927 1928 1929 1930 1931 1932 1933 1934 1935 1936 1937 1938 1939 1940 1941 1944 1945 1946 1953 1955 1956 1957 1958 1959 1960 1961 1962 1963 1964 1965 1966
us,1926,1995,inflation_adjusted,start,,,,,,30,100,11,41,0,3,7.3,0.0,0.0,1926 1927 1928 1929 1930 1931 1932 1933 1934 1935 1936 1937 1938 1939 1940 1941 1942 1943 1944 1945 1946 1947 1951 1952 1953 1954 1955 1956 1957 1958 1959 1960 1961 1962 1963 1964 1965 1966
us,1926,1995,inflation_adjusted,start,,,,,,30,100,12,41,0,3,7.3,0.0,0.0,1926 1927 1928 1929 1930 1931 1932 1933 1934 1935 1936 1937 1938 1939 1940 1941 1942 1943 1944 1945 1946 1947 1951 1952 1953 1954 1955 1956 1957 1958 1959 1960 1961 1962 1963 1964 1965 1966
us,1926,1995,inflation_adjusted,start,,,,,,30,75,3,41,0,41,100.0,7373.0,2983.0,
us,1926,1995,inflation_adjusted,start,,,,,,30,75,4,41,0,39,95.1,5479.0,0.0,1965 1966
us,1926,1995,inflation_adjusted,start,,,,,,30,75,5,41,0,32,78.0,2864.0,0.0,1929 1930 1937 1961 1962 1963 1964 1965 1966
us,1926,1995,inflation_adjusted,start,,,,,,30,75,6,41,0,23,56.1,654.0,0.0,1928 1929 1930 1931 1936 1937 1939 1940 1956 1957 1959 1960 1961 1962 1963 1964 1965 1966
us,1926,1995,inflation_adjusted,start,,,,,,30,75,7,41,0,17,41.5,0.0,0.0,1928 1929 1930 1931 1934 1936 1937 1938 1939 1940 1941 1946 1955 1956 1957 1958 1959 1960 1961 1962 1963 1964 1965 1966
us,1926,1995,inflation_adjusted,start,,,,,,30,75,8,41,0,11,26.8,0.0,0.0,1926 1927 1928 1929 1930 1931 1934 1935 1936 1937 1938 1939 1940 1941 1944 1945 1946 1953 1955 1956 1957 1958 1959 1960 1961 1962 1963 1964 1965 1966
us,1926,1995,inflation_adjusted,start,,,,,,30,75,9,41,0,3,7.3,0.0,0.0,1926 1927 1928 1929 1930 1931 1932 1933 1934 1935 1936 1937 1938 1939 1940 1941 1942 1943 1944 1945 1946 1947 1951 1952 1953 1954 1955 1956 1957 1958 1959 1960 1961 1962 1963 1964 1965 1966
us,1926,1995,inflation_adjusted,start,,,,,,30,75,10,41,0,1,2.4,0.0,0.0,1926 1927 1928 1929 1930 1931 1932 1933 1934 1935 1936 1937 1938 1939 1940 1941 1942 1943 1944 1945 1946 1947 1948 1950 1951 1952 1953 1954 1955 1956 1957 1958 1959 1960 1961 1962 1963 1964 1965 1966
us,1926,1995,inflation_adjusted,start,,,,,,30,75,11,41,0,0,0.0,0.0,0.0,1926 1927 1928 1929 1930 1931 1932 1933 1934 1935 1936 1937 1938 1939 1940 1941 1942 1943 1944 1945 1946 1947 1948 1949 1950 1951 1952 1953 1954 1955 1956 1957 1958 1959 1960 1961 1962 1963 1964 1965 1966
us,1926,1995,inflation_adjusted,start,,,,,,30,75,12,41,0,0,0.0,0.0,0.0,1926 1927 1928 1929 1930 1931 1932 1933 1934 1935 1936 1937 1938 1939 1940 1941 1942 1943 1944 1945 1946 1947 1948 1949 1950 1951 1952 1953 1954 1955 1956 1957 1958 1959 1960 1961 1962 1963 1964 1965 1966
us,1926,1995,inflation_adjusted,start,,,,,,30,50,3,41,0,41,100.0,3943.0,2279.0,
us,1926,1995,inflation_adjusted,start,,,,,,30,50,4,41,0,38,92.7,2219.0,0.0,1964 1965 1966
us,1926,1995,inflation_adjusted,start,,,,,,30,50,5,41,0,27,65.9,425.0,0.0,1936 1937 1939 1940 1956 1957 1959 1960 1961 1962 1963 1964 1965 1966
us,1926,1995,inflation_adjusted,start,,,,,,30,50,6,41,0,16,39.0,0.0,0.0,1929 1930 1931 1934 1935 1936 1937 1938 1939 1940 1941 1945 1946 1955 1956 1957 1958 1959 1960 1961 1962 1963 1964 1965 1966
us,1926,1995,inflation_adjusted,start,,,,,,30,50,7,41,0,3,7.3,0.0,0.0,1927 1928 1929 1930 1931 1932 1933 1934 1935 1936 1937 1938 1939 1940 1941 1942 1943 1944 1945 1946 1947 1950 1951 1952 1953 1954 1955 1956 1957 1958 1959 1960 1961 1962 1963 1964 1965 1966
us,1926,1995,inflation_adjusted,start,,,,,,30,50,8,41,0,0,0.0,0.0,0.0,1926 1927 1928 1929 1930 1931 1932 1933 1934 1935 1936 1937 1938 1939 1940 1941 1942 1943 1944 1945 1946 1947 1948 1949 1950 1951 1952 1953 1954 1955 1956 1957 1958 1959 1960 1961 1962 1963 1964 1965 1966
us,1926,1995,inflation_adjusted,start,,,,,,30,50,9,41,0,0,0.0,0.0,0.0,1926 1927 1928 1929 1930 1931 1932 1933 1934 1935 1936 1937 1938 1939 1940 1941 1942 1943 1944 1945 1946 1947 1948 1949 1950 1951 1952 1953 1954 1955 1956 1957 1958 1959 1960 1961 1962 1963 1964 1965 1966
us,1926,1995,inflation_adjusted,start,,,,,,30,50,10,41,0,0,0.0,0.0,0.0,1926 1927 1928 1929 1930 1931 1932 1933 1934 1935 1936 1937 1938 1939 1940 1941 1942 1943 1944 1945 1946 1947 1948 1949 1950 1951 1952 1953 1954 1955 1956 1957 1958 1959 1960 1961 1962 1963 1964 1965 1966
us,1926,1995,inflation_adjusted,start,,,,,,30,50,11,41,0,0,0.0,0.0,0.0,1926 1927 1928 1929 1930 1931 1932 1933 1934 1935 1936 1937 1938 1939 1940 1941 1942 1943 1944 1945 1946 1947 1948 1949 1950 1951 1952 1953 1954 1955 1956 1957 1958 1959 1960 1961 1962 1963 1964 1965 1966
us,1926,1995,inflation_adjusted,start,,,,,,30,50,12,41,0,0,0.0,0.0,0.0,1926 1927 1928 1929 1930 1931 1932 1933 1934 1935 1936 1937 1938 1939 1940 1941 1942 1943 1944 1945 1946 1947 1948 1949 1950 1951 1952 1953 1954 1955 1956 1957 1958 1959 1960 1961 1962 1963 1964 1965 1966
us,1926,1995,inflation_adjusted,start,,,,,,30,25,3,41,0,41,100.0,1774.0,693.0,
us,1926,1995,inflation_adjusted,start,,,,,,30,25,4,41,0,28,68.3,333.0,0.0,1936 1937 1939 1940 1941 1946 1956 1961 1962 1963 1964 1965 1966
us,1926,1995,inflation_adjusted,start,,,,,,30,25,5,41,0,9,22.0,0.0,0.0,1933 1934 1935 1936 1937 1938 1939 1940 1941 1942 1943 1944 1945 1946 1947 1950 1951 1952 1953 1954 1955 1956 1957 1958 1959 1960 1961 1962 1963 1964 1965 1966
us,1926,1995,inflation_adjusted,start,,,,,,30,25,6,41,0,2,4.9,0.0,0.0,1928 1929 1930 1931 1932 1933 1934 1935 1936 1937 1938 1939 1940 1941 1942 1943 1944 1945 1946 1947 1948 1949 1950 1951 1952 1953 1954 1955 1956 1957 1958 1959 1960 1961 1962 1963 1964 1965 1966
us,1926,1995,inflation_adjusted,start,,,,,,30,25,7,41,0,0,0.0,0.0,0.0,1926 1927 1928 1929 1930 1931 1932 1933 1934 1935 1936 1937 1938 1939 1940 1941 1942 1943 1944 1945 1946 1947 1948 1949 1950 1951 1952 1953 1954 1955 1956 1957 1958 1959 1960 1961 1962 1963 1964 1965 1966
us,1926,1995,inflation_adjusted,start,,,,,,30,25,8,41,0,0,0.0,0.0,0.0,1926 1927 1928 1929 1930 1931 1932 1933 1934 1935 1936 1937 1938 1939 1940 1941 1942 1943 1944 1945 1946 1947 1948 1949 1950 1951 1952 1953 1954 1955 1956 1957 1958 1959 1960 1961 1962 1963 1964 1965 1966
us,1926,1995,inflation_adjusted,start,,,,,,30,25,9,41,0,0,0.0,0.0,0.0,1926 1927 1928 1929 1930 1931 1932 1933 1934 1935 1936 1937 1938 1939 1940 1941 1942 1943 1944 1945 1946 1947 1948 1949 1950 1951 1952 1953 1954 1955 1956 1957 1958 1959 1960 1961 1962 1963 1964 1965 1966
us,1926,1995,inflation_adjusted,start,,,,,,30,25,10,41,0,0,0.0,0.0,0.0,1926 1927 1928 1929 1930 1931 1932 1933 1934 1935 1936 1937 1938 1939 1940 1941 1942 1943 1944 1945 1946 1947 1948 1949 1950 1951 1952 1953 1954 1955 1956 1957 1958 1959 1960 1961 1962 1963 1964 1965 1966
us,1926,1995,inflation_adjusted,start,,,,,,30,25,11,41,0,0,0.0,0.0,0.0,1926 1927 1928 1929 1930 1931 1932 1933 1934 1935 1936 1937 1938 1939 1940 1941 1942 1943 1944 1945 1946 1947 1948 1949 1950 1951 1952 1953 1954 1955 1956 1957 1958 1959 1960 1961 1962 1963 1964 1965 1966
us,1926,1995,inflation_adjusted,start,,,,,,30,25,12,41,0,0,0.0,0.0,0.0,1926 1927 1928 1929 1930 1931 1932 1933 1934 1935 1936 1937 1938 1939 1940 1941 1942 1943 1944 1945 1946 1947 1948 1949 1950 1951 1952 1953 1954 1955 1956 1957 1958 1959 1960 1961 1962 1963 1964 1965 1966
us,1926,1995,inflation_adjusted,start,,,,,,30,0,3,41,0,30,73.2,300.0,0.0,1936 1937 1938 1939 1940 1941 1942 1943 1944 1945 1946
us,1926,1995,inflation_adjusted,start,,,,,,30,0,4,41,0,6,14.6,0.0,0.0,1932 1933 1934 1935 1936 1937 1938 1939 1940 1941 1942 1943 1944 1945 1946 1947 1948 1949 1950 1951 1952 1953 1954 1955 1956 1957 1958 1959 1960 1961 1962 1963 1964 1965 1966
us,1926,1995,inflation_adjusted,start,,,,,,30,0,5,41,0,2,4.9,0.0,0.0,1928 1929 1930 1931 1932 1933 1934 1935 1936 1937 1938 1939 1940 1941 1942 1943 1944 1945 1946 1947 1948 1949 1950 1951 1952 1953 1954 1955 1956 1957 1958 1959 1960 1961 1962 1963 1964 1965 1966
us,1926,1995,inflation_adjusted,start,,,,,,30,0,6,41,0,0,0.0,0.0,0.0,1926 1927 1928 1929 1930 1931 1932 1933 1934 1935 1936 1937 1938 1939 1940 1941 1942 1943 1944 1945 1946 1947 1948 1949 1950 1951 1952 1953 1954 1955 1956 1957 1958 1959 1960 1961 1962 1963 1964 1965 1966
us,1926,1995,inflation_adjusted,start,,,,,,30,0,7,41,0,0,0.0,0.0,0.0,1926 1927 1928 1929 1930 1931 1932 1933 1934 1935 1936 1937 1938 1939 1940 1941 1942 1943 1944 1945 1946 1947 1948 1949 1950 1951 1952 1953 1954 1955 1956 1957 1958 1959 1960 1961 1962 1963 1964 1965 1966
us,1926,1995,inflation_adjusted,start,,,,,,30,0,8,41,0,0,0.0,0.0,0.0,1926 1927 1928 1929 1930 1931 1932 1933 1934 1935 1936 1937 1938 1939 1940 1941 1942 1943 1944 1945 1946 1947 1948 1949 1950 1951 1952 1953 1954 1955 1956 1957 1958 1959 1960 1961 1962 1963 1964 1965 1966
us,1926,1995,inflation_adjusted,start,,,,,,30,0,9,41,0,0,0.0,0.0,0.0,1926 1927 1928 1929 1930 1931 1932 1933 1934 1935 1936 1937 1938 1939 1940 1941 1942 1943 1944 1945 1946 1947 1948 1949 1950 1951 1952 1953 1954 1955 1956 1957 1958 1959 1960 1961 1962 1963 1964 1965 1966
us,1926,1995,inflation_adjusted,start,,,,,,30,0,10,41,0,0,0.0,0.0,0.0,1926 1927 1928 1929 1930 1931 1932 1933 1934 1935 1936 1937 1938 1939 1940 1941 1942 1943 1944 1945 1946 1947 1948 1949 1950 1951 1952 1953 1954 1955 1956 1957 1958 1959 1960 1961 1962 1963 1964 1965 1966
us,1926,1995,inflation_adjusted,start,,,,,,30,0,11,41,0,0,0.0,0.0,0.0,1926 1927 1928 1929 1930 1931 1932 1933 1934 1935 1936 1937 1938 1939 1940 1941 1942 1943 1944 1945 1946 1947 1948 1949 1950 1951 1952 1953 1954 1955 1956 1957 1958 1959 1960 1961 1962 1963 1964 1965 1966
us,1926,1995,inflation_adjusted,start,,,,,,30,0,12,41,0,0,0.0,0.0,0.0,1926 1927 1928 1929 1930 1931 1932 1933 1934 1935 1936 1937 1938 1939 1940 1941 1942 1943 1944 1945 1946 1947 1948 1949 1950 1951 1952 1953 1954 1955 1956 1957 1958 1959 1960 1961 1962 1963 1964 1965 1966
us,1926,1995,nominal,start,,,,,,15,100,3,56,0,56,100.0,3301.0,379.0,
us,1926,1995,nominal,start,,,,,,15,100,4,56,0,56,100.0,2888.0,135.0,
us,1926,1995,nominal,start,,,,,,15,100,5,56,0,55,98.2,2485.0,0.0,1929
us,1926,1995,nominal,start,,,,,,15,100,6,56,0,54,96.4,2130.0,0.0,1929 1930
us,1926,1995,nominal,start,,,,,,15,100,7,56,0,52,92.9,1797.0,0.0,1928 1929 1930 1931
us,1926,1995,nominal,start,,,,,,15,100,8,56,0,51,91.1,1461.0,0.0,1928 1929 1930 1931 1937
us,1926,1995,nominal,start,,,,,,15,100,9,56,0,45,80.4,981.0,0.0,1927 1928 1929 1930 1931 1936 1937 1966 1968 1969 1973
us,1926,1995,nominal,start,,,,,,15,100,10,56,0,38,67.9,549.0,0.0,1926 1927 1928 1929 1930 1931 1936 1937 1964 1965 1966 1967 1968 1969 1970 1971 1972 1973
us,1926,1995,nominal,start,,,,,,15,100,11,56,0,32,57.1,187.0,0.0,1926 1927 1928 1929 1930 1931 1934 1936 1937 1938 1939 1940 1962 1964 1965 1966 1967 1968 1969 1970 1971 1972 1973 1974
us,1926,1995,nominal,start,,,,,,15,100,12,56,0,26,46.4,0.0,0.0,1926 1927 1928 1929 1930 1931 1934 1936 1937 1938 1939 1940 1946 1956 1959 1960 1961 1962 1963 1964 1965 1966 1967 1968 1969 1970 1971 1972 1973 1974
us,1926,1995,nominal,start,,,,,,15,75,3,56,0,56,100.0,2747.0,659.0,
us,1926,1995,nominal,start,,,,,,15,75,4,56,0,56,100.0,2413.0,421.0,
us,1926,1995,nominal,start,,,,,,15,75,5,56,0,56,100.0,2053.0,182.0,
us,1926,1995,nominal,start,,,,,,15,75,6,56,0,55,98.2,1665.0,0.0,1929
us,1926,1995,nominal,start,,,,,,15,75,7,56,0,54,96.4,1323.0,0.0,1929 1930
us,1926,1995,nominal,start,,,,,,15,75,8,56,0,51,91.1,982.0,0.0,1928 1929 1930 1931 1937
us,1926,1995,nominal,start,,,,,,15,75,9,56,0,45,80.4,611.0,0.0,1928 1929 1930 1931 1936 1937 1965 1966 1968 1969 1973
us,1926,1995,nominal,start,,,,,,15,75,10,56,0,37,66.1,303.0,0.0,1926 1927 1928 1929 1930 1931 1936 1937 1939 1962 1964 1965 1966 1967 1968 1969 1971 1972 1973
us,1926,1995,nominal,start,,,,,,15,75,11,56,0,26,46.4,0.0,0.0,1926 1927 1928 1929 1930 1931 1934 1936 1937 1938 1939 1940 1946 1956 1959 1960 1961 1962 1963 1964 1965 1966 1967 1968 1969 1970 1971 1972 1973 1974
us,1926,1995,nominal,start,,,,,,15,75,12,56,0,22,39.3,0.0,0.0,1926 1927 1928 1929 1930 1931 1932 1934 1935 1936 1937 1938 1939 1940 1941 1946 1956 1957 1959 1960 1961 1962 1963 1964 1965 1966 1967 1968 1969 1970 1971 1972 1973 1974
us,1926,1995,nominal,start,,,,,,15,50,3,56,0,56,100.0,2174.0,891.0,
us,1926,1995,nominal,start,,,,,,15,50,4,56,0,56,100.0,1889.0,663.0,
us,1926,1995,nominal,start,,,,,,15,50,5,56,0,56,100.0,1585.0,436.0,
us,1926,1995,nominal,start,,,,,,15,50,6,56,0,56,100.0,1290.0,208.0,
us,1926,1995,nominal,start,,,,,,15,50,7,56,0,55,98.2,980.0,0.0,1929
us,1926,1995,nominal,start,,,,,,15,50,8,56,0,53,94.6,658.0,0.0,1929 1930 1937
us,1926,1995,nominal,start,,,,,,15,50,9,56,0,48,85.7,321.0,0.0,1928 1929 1930 1931 1936 1937 1965 1966
us,1926,1995,nominal,start,,,,,,15,50,10,56,0,30,53.6,47.0,0.0,1926 1927 1928 1929 1930 1931 1934 1936 1937 1938 1939 1940 1956 1959 1961 1962 1963 1964 1965 1966 1967 1968 1969 1971 1972 1973
us,1926,1995,nominal,start,,,,,,15,50,11,56,0,21,37.5,0.0,0.0,1926 1927 1928 1929 1930 1931 1934 1935 1936 1937 1938 1939 1940 1941 1946 1955 1956 1957 1958 1959 1960 1961 1962 1963 1964 1965 1966 1967 1968 1969 1970 1971 1972 1973 1974
us,1926,1995,nominal,start,,,,,,15,50,12,56,0,9,16.1,0.0,0.0,1926 1927 1928 1929 1930 1931 1932 1933 1934 1935 1936 1937 1938 1939 1940 1941 1942 1943 1944 1945 1946 1947 1951 1952 1953 1955 1956 1957 1958 1959 1960 1961 1962 1963 1964 1965 1966 1967 1968 1969 1970 1971 1972 1973 1974 1976 1977
us,1926,1995,nominal,start,,,,,,15,25,3,56,0,56,100.0,1480.0,1043.0,
us,1926,1995,nominal,start,,,,,,15,25,4,56,0,56,100.0,1255.0,831.0,
us,1926,1995,nominal,start,,,,,,15,25,5,56,0,56,100.0,1026.0,619.0,
us,1926,1995,nominal,start,,,,,,15,25,6,56,0,56,100.0,782.0,407.0,
us,1926,1995,nominal,start,,,,,,15,25,7,56,0,56,100.0,551.0,196.0,
us,1926,1995,nominal,start,,,,,,15,25,8,56,0,54,96.4,316.0,0.0,1929 1930
us,1926,1995,nominal,start,,,,,,15,25,9,56,0,37,66.1,96.0,0.0,1928 1929 1930 1931 1936 1937 1938 1939 1940 1941 1946 1956 1961 1962 1963 1964 1965 1966 1967
us,1926,1995,nominal,start,,,,,,15,25,10,56,0,11,19.6,0.0,0.0,1926 1927 1928 1929 1930 1931 1934 1935 1936 1937 1938 1939 1940 1941 1942 1943 1944 1945 1946 1947 1948 1949 1950 1951 1952 1953 1954 1955 1956 1957 1958 1959 1960 1961 1962 1963 1964 1965 1966 1967 1968 1969 1971 1972 1973
us,1926,1995,nominal,start,,,,,,15,25,11,56,0,6,10.7,0.0,0.0,1926 1927 1928 1929 1930 1931 1932 1933 1934 1935 1936 1937 1938 1939 1940 1941 1942 1943 1944 1945 1946 1947 1948 1949 1950 1951 1952 1953 1954 1955 1956 1957 1958 1959 1960 1961 1962 1963 1964 1965 1966 1967 1968 1969 1970 1971 1972 1973 1974 1977
us,1926,1995,nominal,start,,,,,,15,25,12,56,0,4,7.1,0.0,0.0,1926 1927 1928 1929 1930 1931 1932 1933 1934 1935 1936 1937 1938 1939 1940 1941 1942 1943 1944 1945 1946 1947 1948 1949 1950 1951 1952 1953 1954 1955 1956 1957 1958 1959 1960 1961 1962 1963 1964 1965 1966 1967 1968 1969 1970 1971 1972 1973 1974 1975 1976 1977
us,1926,1995,nominal,start,,,,,,15,0,3,56,0,56,100.0,1068.0,760.0,
us,1926,1995,nominal,start,,,,,,15,0,4,56,0,56,100.0,875.0,597.0,
us,1926,1995,nominal,start,,,,,,15,0,5,56,0,56,100.0,674.0,430.0,
us,1926,1995,nominal,start,,,,,,15,0,6,56,0,56,100.0,476.0,263.0,
us,1926,1995,nominal,start,,,,,,15,0,7,56,0,56,100.0,273.0,90.0,
us,1926,1995,nominal,start,,,,,,15,0,8,56,0,36,64.3,65.0,0.0,1938 1939 1940 1941 1942 1943 1944 1945 1946 1947 1948 1949 1950 1951 1952 1953 1954 1955 1956 1958
us,1926,1995,nominal,start,,,,,,15,0,9,56,0,13,23.2,0.0,0.0,1926 1927 1928 1929 1930 1931 1932 1933 1934 1935 1936 1937 1938 1939 1940 1941 1942 1943 1944 1945 1946 1947 1948 1949 1950 1951 1952 1953 1954 1955 1956 1957 1958 1959 1960 1961 1962 1963 1964 1965 1966 1967 1968
us,1926,1995,nominal,start,,,,,,15,0,10,56,0,8,14.3,0.0,0.0,1926 1927 1928 1929 1930 1931 1932 1933 1934 1935 1936 1937 1938 1939 1940 1941 1942 1943 1944 1945 1946 1947 1948 1949 1950 1951 1952 1953 1954 1955 1956 1957 1958 1959 1960 1961 1962 1963 1964 1965 1966 1967 1968 1969 1971 1972 1973 1974
us,1926,1995,nominal,start,,,,,,15,0,11,56,0,3,5.4,0.0,0.0,1926 1927 1928 1929 1930 1931 1932 1933 1934 1935 1936 1937 1938 1939 1940 1941 1942 1943 1944 1945 1946 1947 1948 1949 1950 1951 1952 1953 1954 1955 1956 1957 1958 1959 1960 1961 1962 1963 1964 1965 1966 1967 1968 1969 1970 1971 1972 1973 1974 1975 1976 1977 1978
us,1926,1995,nominal,start,,,,,,15,0,12,56,0,2,3.6,0.0,0.0,1926 1927 1928 1929 1930 1931 1932 1933 1934 1935 1936 1937 1938 1939 1940 1941 1942 1943 1944 1945 1946 1947 1948 1949 1950 1951 1952 1953 1954 1955 1956 1957 1958 1959 1960 1961 1962 1963 1964 1965 1966 1967 1968 1969 1970 1971 1972 1973 1974 1975 1976 1977 1978 1979
us,1926,1995,nominal,start,,,,,,20,100,3,51,0,51,100.0,5670.0,438.0,
us,1926,1995,nominal,start,,,,,,20,100,4,51,0,50,98.0,4714.0,0.0,1929
us,1926,1995,nominal,start,,,,,,20,100,5,51,0,49,96.1,3667.0,0.0,1929 1930
us,1926,1995,nominal,start,,,,,,20,100,6,51,0,47,92.2,2665.0,0.0,1928 1929 1930 1931
us,1926,1995,nominal,start,,,,,,20,100,7,51,0,46,90.2,1829.0,0.0,1928 1929 1930 1931 1937
us,1926,1995,nominal,start,,,,,,20,100,8,51,0,39,76.5,1128.0,0.0,1926 1927 1928 1929 1930 1931 1937 1965 1966 1968 1969 1973
us,1926,1995,nominal,start,,,,,,20,100,9,51,0,33,64.7,630.0,0.0,1926 1927 1928 1929 1930 1931 1936 1937 1962 1964 1965 1966 1967 1968 1969 1970 1972 1973
us,1926,1995,nominal,start,,,,,,20,100,10,51,0,26,51.0,126.0,0.0,1926 1927 1928 1929 1930 1931 1934 1936 1937 1939 1959 1960 1961 1962 1963 1964 1965 1966 1967 1968 1969 1970 1971 1972 1973
us,1926,1995,nominal,start,,,,,,20,100,11,51,0,21,41.2,0.0,0.0,1926 1927 1928 1929 1930 1931 1934 1936 1937 1938 1939 1940 1956 1957 1959 1960 1961 1962 1963 1964 1965 1966 1967 1968 1969 1970 1971 1972 1973 1974
us,1926,1995,nominal,start,,,,,,20,100,12,51,0,17,33.3,0.0,0.0,1926 1927 1928 1929 1930 1931 1932 1934 1935 1936 1937 1938 1939 1940 1946 1956 1957 1959 1960 1961 1962 1963 1964 1965 1966 1967 1968 1969 1970 1971 1972 1973 1974 1976
us,1926,1995,nominal,start,,,,,,20,75,3,51,0,51,100.0,4692.0,822.0,
us,1926,1995,nominal,start,,,,,,20,75,4,51,0,51,100.0,4059.0,399.0,
us,1926,1995,nominal,start,,,,,,20,75,5,51,0,50,98.0,3299.0,0.0,1929
us,1926,1995,nominal,start,,,,,,20,75,6,51,0,49,96.1,2481.0,0.0,1929 1930
us,1926,1995,nominal,start,,,,,,20,75,7,51,0,46,90.2,1639.0,0.0,1928 1929 1930 1931 1937
us,1926,1995,nominal,start,,,,,,20,75,8,51,0,41,80.4,843.0,0.0,1927 1928 1929 1930 1931 1936 1937 1965 1966 1969
us,1926,1995,nominal,start,,,,,,20,75,9,51,0,29,56.9,164.0,0.0,1926 1927 1928 1929 1930 1931 1936 1937 1939 1959 1960 1961 1962 1963 1964 1965 1966 1967 1968 1969 1972 1973
us,1926,1995,nominal,start,,,,,,20,75,10,51,0,22,43.1,0.0,0.0,1926 1927 1928 1929 1930 1931 1934 1936 1937 1938 1939 1940 1956 1957 1959 1960 1961 1962 1963 1964 1965 1966 1967 1968 1969 1970 1971 1972 1973
us,1926,1995,nominal,start,,,,,,20,75,11,51,0,15,29.4,0.0,0.0,1926 1927 1928 1929 1930 1931 1932 1934 1935 1936 1937 1938 1939 1940 1941 1946 1955 1956 1957 1958 1959 1960 1961 1962 1963 1964 1965 1966 1967 1968 1969 1970 1971 1972 1973 1974
us,1926,1995,nominal,start,,,,,,20,75,12,51,0,10,19.6,0.0,0.0,1926 1927 1928 1929 1930 1931 1932 1933 1934 1935 1936 1937 1938 1939 1940 1941 1945 1946 1952 1953 1955 1956 1957 1958 1959 1960 1961 1962 1963 1964 1965 1966 1967 1968 1969 1970 1971 1972 1973 1974 1976
us,1926,1995,nominal,start,,,,,,20,50,3,51,0,51,100.0,3037.0,1068.0,
us,1926,1995,nominal,start,,,,,,20,50,4,51,0,51,100.0,2555.0,692.0,
us,1926,1995,nominal,start,,,,,,20,50,5,51,0,51,100.0,2052.0,317.0,
us,1926,1995,nominal,start,,,,,,20,50,6,51,0,50,98.0,1481.0,0.0,1929
us,1926,1995,nominal,start,,,,,,20,50,7,51,0,47,92.2,780.0,0.0,1928 1929 1930 1937
us,1926,1995,nominal,start,,,,,,20,50,8,51,0,40,78.4,319.0,0.0,1927 1928 1929 1930 1931 1936 1937 1962 1964 1965 1966
us,1926,1995,nominal,start,,,,,,20,50,9,51,0,21,41.2,0.0,0.0,1926 1927 1928 1929 1930 1931 1934 1936 1937 1938 1939 1940 1946 1955 1956 1957 1959 1960 1961 1962 1963 1964 1965 1966 1967 1968 1969 1971 1972 1973
us,1926,1995,nominal,start,,,,,,20,50,10,51,0,12,23.5,0.0,0.0,1926 1927 1928 1929 1930 1931 1932 1934 1935 1936 1937 1938 1939 1940 1941 1945 1946 1952 1953 1955 1956 1957 1958 1959 1960 1961 1962 1963 1964 1965 1966 1967 1968 1969 1970 1971 1972 1973 1974
us,1926,1995,nominal,start,,,,,,20,50,11,51,0,2,3.9,0.0,0.0,1926 1927 1928 1929 1930 1931 1932 1933 1934 1935 1936 1937 1938 1939 1940 1941 1942 1943 1944 1945 1946 1947 1948 1950 1951 1952 1953 1954 1955 1956 1957 1958 1959 1960 1961 1962 1963 1964 1965 1966 1967 1968 1969 1970 1971 1972 1973 1974 1976
us,1926,1995,nominal,start,,,,,,20,50,12,51,0,0,0.0,0.0,0.0,1926 1927 1928 1929 1930 1931 1932 1933 1934 1935 1936 1937 1938 1939 1940 1941 1942 1943 1944 1945 1946 1947 1948 1949 1950 1951 1952 1953 1954 1955 1956 1957 1958 1959 1960 1961 1962 1963 1964 1965 1966 1967 1968 1969 1970 1971 1972 1973 1974 1975 1976
us,1926,1995,nominal,start,,,,,,20,25,3,51,0,51,100.0,1760.0,1153.0,
us,1926,1995,nominal,start,,,,,,20,25,4,51,0,51,100.0,1406.0,829.0,
us,1926,1995,nominal,start,,,,,,20,25,5,51,0,51,100.0,1051.0,504.0,
us,1926,1995,nominal,start,,,,,,20,25,6,51,0,51,100.0,676.0,180.0,
us,1926,1995,nominal,start,,,,,,20,25,7,51,0,48,94.1,286.0,0.0,1929 1930 1937
us,1926,1995,nominal,start,,,,,,20,25,8,51,0,19,37.3,0.0,0.0,1926 1927 1928 1929 1930 1931 1934 1935 1936 1937 1938 1939 1940 1941 1945 1946 1947 1952 1955 1956 1957 1958 1959 1960 1961 1962 1963 1964 1965 1966 1967 1968
us,1926,1995,nominal,start,,,,,,20,25,9,51,0,4,7.8,0.0,0.0,1926 1927 1928 1929 1930 1931 1932 1933 1934 1935 1936 1937 1938 1939 1940 1941 1942 1943 1944 1945 1946 1947 1948 1949 1950 1951 1952 1953 1954 1955 1956 1957 1958 1959 1960 1961 1962 1963 1964 1965 1966 1967 1968 1969 1971 1972 1973
us,1926,1995,nominal,start,,,,,,20,25,10,51,0,2,3.9,0.0,0.0,1926 1927 1928 1929 1930 1931 1932 1933 1934 1935 1936 1937 1938 1939 1940 1941 1942 1943 1944 1945 1946 1947 1948 1949 1950 1951 1952 1953 1954 1955 1956 1957 1958 1959 1960 1961 1962 1963 1964 1965 1966 1967 1968 1969 1970 1971 1972 1973 1974
us,1926,1995,nominal,start,,,,,,20,25,11,51,0,0,0.0,0.0,0.0,1926 1927 1928 1929 1930 1931 1932 1933 1934 1935 1936 1937 1938 1939 1940 1941 1942 1943 1944 1945 1946 1947 1948 1949 1950 1951 1952 1953 1954 1955 1956 1957 1958 1959 1960 1961 1962 1963 1964 1965 1966 1967 1968 1969 1970 1971 1972 1973 1974 1975 1976
us,1926,1995,nominal,start,,,,,,20,25,12,51,0,0,0.0,0.0,0.0,1926 1927 1928 1929 1930 1931 1932 1933 1934 1935 1936 1937 1938 1939 1940 1941 1942 1943 1944 1945 1946 1947 1948 1949 1950 1951 1952 1953 1954 1955 1956 1957 1958 1959 1960 1961 1962 1963 1964 1965 1966 1967 1968 1969 1970 1971 1972 1973 1974 1975 1976
us,1926,1995,nominal,start,,,,,,20,0,3,51,0,51,100.0,1026.0,694.0,
us,1926,1995,nominal,start,,,,,,20,0,4,51,0,51,100.0,757.0,464.0,
us,1926,1995,nominal,start,,,,,,20,0,5,51,0,51,100.0,477.0,218.0,
us,1926,1995,nominal,start,,,,,,20,0,6,51,0,46,90.2,191.0,0.0,1941 1946 1947 1949 1950
us,1926,1995,nominal,start,,,,,,20,0,7,51,0,13,25.5,0.0,0.0,1927 1928 1929 1930 1931 1932 1933 1934 1935 1936 1937 1938 1939 1940 1941 1942 1943 1944 1945 1946 1947 1948 1949 1950 1951 1952 1953 1954 1955 1956 1957 1958 1959 1961 1962 1963 1964 1965
us,1926,1995,nominal,start,,,,,,20,0,8,51,0,8,15.7,0.0,0.0,1926 1927 1928 1929 1930 1931 1932 1933 1934 1935 1936 1937 1938 1939 1940 1941 1942 1943 1944 1945 1946 1947 1948 1949 1950 1951 1952 1953 1954 1955 1956 1957 1958 1959 1960 1961 1962 1963 1964 1965 1966 1967 1968
us,1926,1995,nominal,start,,,,,,20,0,9,51,0,3,5.9,0.0,0.0,1926 1927 1928 1929 1930 1931 1932 1933 1934 1935 1936 1937 1938 1939 1940 1941 1942 1943 1944 1945 1946 1947 1948 1949 1950 1951 1952 1953 1954 1955 1956 1957 1958 1959 1960 1961 1962 1963 1964 1965 1966 1967 1968 1969 1971 1972 1973 1974
us,1926,1995,nominal,start,,,,,,20,0,10,51,0,0,0.0,0.0,0.0,1926 1927 1928 1929 1930 1931 1932 1933 1934 1935 1936 1937 1938 1939 1940 1941 1942 1943 1944 1945 1946 1947 1948 1949 1950 1951 1952 1953 1954 1955 1956 1957 1958 1959 1960 1961 1962 1963 1964 1965 1966 1967 1968 1969 1970 1971 1972 1973 1974 1975 1976
us,1926,1995,nominal,start,,,,,,20,0,11,51,0,0,0.0,0.0,0.0,1926 1927 1928 1929 1930 1931 1932 1933 1934 1935 1936 1937 1938 1939 1940 1941 1942 1943 1944 1945 1946 1947 1948 1949 1950 1951 1952 1953 1954 1955 1956 1957 1958 1959 1960 1961 1962 1963 1964 1965 1966 1967 1968 1969 1970 1971 1972 1973 1974 1975 1976
us,1926,1995,nominal,start,,,,,,20,0,12,51,0,0,0.0,0.0,0.0,1926 1927 1928 1929 1930 1931 1932 1933 1934 1935 1936 1937 1938 1939 1940 1941 1942 1943 1944 1945 1946 1947 1948 1949 1950 1951 1952 1953 1954 1955 1956 1957 1958 1959 1960 1961 1962 1963 1964 1965 1966 1967 1968 1969 1970 1971 1972 1973 1974 1975 1976
us,1926,1995,nominal,start,,,,,,25,100,3,46,0,46,100.0,7900.0,762.0,
us,1926,1995,nominal,start,,,,,,25,100,4,46,0,45,97.8,6748.0,0.0,1929
us,1926,1995,nominal,start,,,,,,25,100,5,46,0,44,95.7,5390.0,0.0,1929 1930
us,1926,1995,nominal,start,,,,,,25,100,6,46,0,42,91.3,4068.0,0.0,1928 1929 1930 1931
us,1926,1995,nominal,start,,,,,,25,100,7,46,0,40,87.0,2987.0,0.0,1927 1928 1929 1930 1931 1937
us,1926,1995,nominal,start,,,,,,25,100,8,46,0,33,71.7,1656.0,0.0,1926 1927 1928 1929 1930 1931 1936 1937 1964 1965 1966 1968 1969
us,1926,1995,nominal,start,,,,,,25,100,9,46,0,25,54.3,289.0,0.0,1926 1927 1928 1929 1930 1931 1936 1937 1959 1960 1961 1962 1963 1964 1965 1966 1967 1968 1969 1970 1971
us,1926,1995,nominal,start,,,,,,25,100,10,46,0,19,41.3,0.0,0.0,1926 1927 1928 1929 1930 1931 1934 1936 1937 1938 1939 1940 1956 1957 1959 1960 1961 1962 1963 1964 1965 1966 1967 1968 1969 1970 1971
us,1926,1995,nominal,start,,,,,,25,100,11,46,0,14,30.4,0.0,0.0,1926 1927 1928 1929 1930 1931 1932 1934 1935 1936 1937 1938 1939 1940 1946 1955 1956 1957 1958 1959 1960 1961 1962 1963 1964 1965 1966 1967 1968 1969 1970 1971
us,1926,1995,nominal,start,,,,,,25,100,12,46,0,14,30.4,0.0,0.0,1926 1927 1928 1929 1930 1931 1932 1934 1935 1936 1937 1938 1939 1940 1946 1955 1956 1957 1958 1959 1960 1961 1962 1963 1964 1965 1966 1967 1968 1969 1970 1971
us,1926,1995,nominal,start,,,,,,25,75,3,46,0,46,100.0,6050.0,1376.0,
us,1926,1995,nominal,start,,,,,,25,75,4,46,0,46,100.0,5179.0,486.0,
us,1926,1995,nominal,start,,,,,,25,75,5,46,0,44,95.7,3999.0,0.0,1929 1930
us,1926,1995,nominal,start,,,,,,25,75,6,46,0,43,93.5,2863.0,0.0,1928 1929 1930
us,1926,1995,nominal,start,,,,,,25,75,7,46,0,41,89.1,2069.0,0.0,1928 1929 1930 1931 1937
us,1926,1995,nominal,start,,,,,,25,75,8,46,0,31,67.4,875.0,0.0,1926 1927 1928 1929 1930 1931 1936 1937 1962 1964 1965 1966 1967 1968 1969
us,1926,1995,nominal,start,,,,,,25,75,9,46,0,20,43.5,0.0,0.0,1926 1927 1928 1929 1930 1931 1934 1936 1937 1938 1939 1956 1957 1959 1960 1961 1962 1963 1964 1965 1966 1967 1968 1969 1970 1971
us,1926,1995,nominal,start,,,,,,25,75,10,46,0,14,30.4,0.0,0.0,1926 1927 1928 1929 1930 1931 1932 1934 1935 1936 1937 1938 1939 1940 1946 1955 1956 1957 1958 1959 1960 1961 1962 1963 1964 1965 1966 1967 1968 1969 1970 1971
us,1926,1995,nominal,start,,,,,,25,75,11,46,0,11,23.9,0.0,0.0,1926 1927 1928 1929 1930 1931 1932 1934 1935 1936 1937 1938 1939 1940 1941 1946 1952 1953 1955 1956 1957 1958 1959 1960 1961 1962 1963 1964 1965 1966 1967 1968 1969 1970 1971
us,1926,1995,nominal,start,,,,,,25,75,12,46,0,5,10.9,0.0,0.0,1926 1927 1928 1929 1930 1931 1932 1933 1934 1935 1936 1937 1938 1939 1940 1941 1944 1945 1946 1947 1951 1952 1953 1954 1955 1956 1957 1958 1959 1960 1961 1962 1963 1964 1965 1966 1967 1968 1969 1970 1971
us,1926,1995,nominal,start,,,,,,25,50,3,46,0,46,100.0,4108.0,1543.0,
us,1926,1995,nominal,start,,,,,,25,50,4,46,0,46,100.0,3308.0,866.0,
us,1926,1995,nominal,start,,,,,,25,50,5,46,0,46,100.0,2411.0,188.0,
us,1926,1995,nominal,start,,,,,,25,50,6,46,0,44,95.7,1593.0,0.0,1929 1930
us,1926,1995,nominal,start,,,,,,25,50,7,46,0,41,89.1,761.0,0.0,1928 1929 1930 1931 1937
us,1926,1995,nominal,start,,,,,,25,50,8,46,0,20,43.5,0.0,0.0,1926 1927 1928 1929 1930 1931 1934 1936 1937 1938 1939 1940 1955 1956 1957 1959 1960 1961 1962 1963 1964 1965 1966 1967 1968 1969
us,1926,1995,nominal,start,,,,,,25,50,9,46,0,11,23.9,0.0,0.0,1926 1927 1928 1929 1930 1931 1932 1934 1935 1936 1937 1938 1939 1940 1941 1946 1952 1953 1955 1956 1957 1958 1959 1960 1961 1962 1963 1964 1965 1966 1967 1968 1969 1970 1971
us,1926,1995,nominal,start,,,,,,25,50,10,46,0,1,2.2,0.0,0.0,1926 1927 1928 1929 1930 1931 1932 1933 1934 1935 1936 1937 1938 1939 1940 1941 1942 1943 1944 1945 1946 1947 1948 1950 1951 1952 1953 1954 1955 1956 1957 1958 1959 1960 1961 1962 1963 1964 1965 1966 1967 1968 1969 1970 1971
us,1926,1995,nominal,start,,,,,,25,50,11,46,0,0,0.0,0.0,0.0,1926 1927 1928 1929 1930 1931 1932 1933 1934 1935 1936 1937 1938 1939 1940 1941 1942 1943 1944 1945 1946 1947 1948 1949 1950 1951 1952 1953 1954 1955 1956 1957 1958 1959 1960 1961 1962 1963 1964 1965 1966 1967 1968 1969 1970 1971
us,1926,1995,nominal,start,,,,,,25,50,12,46,0,0,0.0,0.0,0.0,1926 1927 1928 1929 1930 1931 1932 1933 1934 1935 1936 1937 1938 1939 1940 1941 1942 1943 1944 1945 1946 1947 1948 1949 1950 1951 1952 1953 1954 1955 1956 1957 1958 1959 1960 1961 1962 1963 1964 1965 1966 1967 1968 1969 1970 1971
us,1926,1995,nominal,start,,,,,,25,25,3,46,0,46,100.0,2098.0,1388.0,
us,1926,1995,nominal,start,,,,,,25,25,4,46,0,46,100.0,1566.0,888.0,
us,1926,1995,nominal,start,,,,,,25,25,5,46,0,46,100.0,1066.0,387.0,
us,1926,1995,nominal,start,,,,,,25,25,6,46,0,44,95.7,534.0,0.0,1929 1930
us,1926,1995,nominal,start,,,,,,25,25,7,46,0,19,41.3,0.0,0.0,1926 1927 1928 1929 1930 1931 1934 1935 1936 1937 1938 1939 1940 1941 1946 1955 1956 1957 1958 1959 1960 1961 1962 1963 1964 1965 1966
us,1926,1995,nominal,start,,,,,,25,25,8,46,0,2,4.3,0.0,0.0,1926 1927 1928 1929 1930 1931 1932 1933 1934 1935 1936 1937 1938 1939 1940 1941 1942 1943 1944 1945 1946 1947 1948 1949 1950 1951 1952 1953 1954 1955 1956 1957 1958 1959 1960 1961 1962 1963 1964 1965 1966 1967 1968 1969
us,1926,1995,nominal,start,,,,,,25,25,9,46,0,0,0.0,0.0,0.0,1926 1927 1928 1929 1930 1931 1932 1933 1934 1935 1936 1937 1938 1939 1940 1941 1942 1943 1944 1945 1946 1947 1948 1949 1950 1951 1952 1953 1954 1955 1956 1957 1958 1959 1960 1961 1962 1963 1964 1965 1966 1967 1968 1969 1970 1971
us,1926,1995,nominal,start,,,,,,25,25,10,46,0,0,0.0,0.0,0.0,1926 1927 1928 1929 1930 1931 1932 1933 1934 1935 1936 1937 1938 1939 1940 1941 1942 1943 1944 1945 1946 1947 1948 1949 1950 1951 1952 1953 1954 1955 1956 1957 1958 1959 1960 1961 1962 1963 1964 1965 1966 1967 1968 1969 1970 1971
us,1926,1995,nominal,start,,,,,,25,25,11,46,0,0,0.0,0.0,0.0,1926 1927 1928 1929 1930 1931 1932 1933 1934 1935 1936 1937 1938 1939 1940 1941 1942 1943 1944 1945 1946 1947 1948 1949 1950 1951 1952 1953 1954 1955 1956 1957 1958 1959 1960 1961 1962 1963 1964 1965 1966 1967 1968 1969 1970 1971
us,1926,1995,nominal,start,,,,,,25,25,12,46,0,0,0.0,0.0,0.0,1926 1927 1928 1929 1930 1931 1932 1933 1934 1935 1936 1937 1938 1939 1940 1941 1942 1943 1944 1945 1946 1947 1948 1949 1950 1951 1952 1953 1954 1955 1956 1957 1958 1959 1960 1961 1962 1963 1964 1965 1966 1967 1968 1969 1970 1971
us,1926,1995,nominal,start,,,,,,25,0,3,46,0,46,100.0,966.0,651.0,
us,1926,1995,nominal,start,,,,,,25,0,4,46,0,46,100.0,590.0,325.0,
us,1926,1995,nominal,start,,,,,,25,0,5,46,0,44,95.7,209.0,0.0,1941 1946
us,1926,1995,nominal,start,,,,,,25,0,6,46,0,12,26.1,0.0,0.0,1927 1928 1929 1930 1931 1932 1933 1934 1935 1936 1937 1938 1939 1940 1941 1942 1943 1944 1945 1946 1947 1948 1949 1950 1951 1952 1953 1954 1955 1956 1957 1958 1959 1961
us,1926,1995,nominal,start,,,,,,25,0,7,46,0,4,8.7,0.0,0.0,1926 1927 1928 1929 1930 1931 1932 1933 1934 1935 1936 1937 1938 1939 1940 1941 1942 1943 1944 1945 1946 1947 1948 1949 1950 1951 1952 1953 1954 1955 1956 1957 1958 1959 1960 1961 1962 1963 1964 1965 1966 1967
us,1926,1995,nominal,start,,,,,,25,0,8,46,0,1,2.2,0.0,0.0,1926 1927 1928 1929 1930 1931 1932 1933 1934 1935 1936 1937 1938 1939 1940 1941 1942 1943 1944 1945 1946 1947 1948 1949 1950 1951 1952 1953 1954 1955 1956 1957 1958 1959 1960 1961 1962 1963 1964 1965 1966 1967 1968 1969 1971
us,1926,1995,nominal,start,,,,,,25,0,9,46,0,0,0.0,0.0,0.0,1926 1927 1928 1929 1930 1931 1932 1933 1934 1935 1936 1937 1938 1939 1940 1941 1942 1943 1944 1945 1946 1947 1948 1949 1950 1951 1952 1953 1954 1955 1956 1957 1958 1959 1960 1961 1962 1963 1964 1965 1966 1967 1968 1969 1970 1971
us,1926,1995,nominal,start,,,,,,25,0,10,46,0,0,0.0,0.0,0.0,1926 1927 1928 1929 1930 1931 1932 1933 1934 1935 1936 1937 1938 1939 1940 1941 1942 1943 1944 1945 1946 1947 1948 1949 1950 1951 1952 1953 1954 1955 1956 1957 1958 1959 1960 1961 1962 1963 1964 1965 1966 1967 1968 1969 1970 1971
us,1926,1995,nominal,start,,,,,,25,0,11,46,0,0,0.0,0.0,0.0,1926 1927 1928 1929 1930 1931 1932 1933 1934 1935 1936 1937 1938 1939 1940 1941 1942 1943 1944 1945 1946 1947 1948 1949 1950 1951 1952 1953 1954 1955 1956 1957 1958 1959 1960 1961 1962 1963 1964 1965 1966 1967 1968 1969 1970 1971
us,1926,1995,nominal,start,,,,,,25,0,12,46,0,0,0.0,0.0,0.0,1926 1927 1928 1929 1930 1931 1932 1933 1934 1935 1936 1937 1938 1939 1940 1941 1942 1943 1944 1945 1946 1947 1948 1949 1950 1951 1952 1953 1954 1955 1956 1957 1958 1959 1960 1961 1962 1963 1964 1965 1966 1967 1968 1969 1970 1971
us,1926,1995,nominal,start,,,,,,30,100,3,41,0,41,100.0,13521.0,1780.0,
us,1926,1995,nominal,start,,,,,,30,100,4,41,0,40,97.6,11724.0,0.0,1929
us,1926,1995,nominal,start,,,,,,30,100,5,41,0,39,95.1,9825.0,0.0,1929 1930
us,1926,1995,nominal,start,,,,,,30,100,6,41,0,37,90.2,7956.0,0.0,1928 1929 1930 1931
us,1926,1995,nominal,start,,,,,,30,100,7,41,0,33,80.5,6287.0,0.0,1926 1927 1928 1929 1930 1931 1937 1966
us,1926,1995,nominal,start,,,,,,30,100,8,41,0,29,70.7,4038.0,0.0,1926 1927 1928 1929 1930 1931 1936 1937 1962 1964 1965 1966
us,1926,1995,nominal,start,,,,,,30,100,9,41,0,23,56.1,1927.0,0.0,1926 1927 1928 1929 1930 1931 1934 1936 1937 1956 1959 1960 1961 1962 1963 1964 1965 1966
us,1926,1995,nominal,start,,,,,,30,100,10,41,0,19,46.3,0.0,0.0,1926 1927 1928 1929 1930 1931 1934 1936 1937 1938 1939 1940 1956 1957 1959 1960 1961 1962 1963 1964 1965 1966
us,1926,1995,nominal,start,,,,,,30,100,11,41,0,14,34.1,0.0,0.0,1926 1927 1928 1929 1930 1931 1932 1934 1935 1936 1937 1938 1939 1940 1946 1955 1956 1957 1958 1959 1960 1961 1962 1963 1964 1965 1966
us,1926,1995,nominal,start,,,,,,30,100,12,41,0,13,31.7,0.0,0.0,1926 1927 1928 1929 1930 1931 1932 1934 1935 1936 1937 1938 1939 1940 1941 1946 1955 1956 1957 1958 1959 1960 1961 1962 1963 1964 1965 1966
us,1926,1995,nominal,start,,,,,,30,75,3,41,0,41,100.0,9649.0,2763.0,
us,1926,1995,nominal,start,,,,,,30,75,4,41,0,41,100.0,7724.0,750.0,
us,1926,1995,nominal,start,,,,,,30,75,5,41,0,39,95.1,6308.0,0.0,1929 1930
us,1926,1995,nominal,start,,,,,,30,75,6,41,0,38,92.7,4429.0,0.0,1928 1929 1930
us,1926,1995,nominal,start,,,,,,30,75,7,41,0,34,82.9,2736.0,0.0,1927 1928 1929 1930 1931 1937 1966
us,1926,1995,nominal,start,,,,,,30,75,8,41,0,24,58.5,1142.0,0.0,1926 1927 1928 1929 1930 1931 1936 1937 1956 1959 1960 1961 1962 1963 1964 1965 1966
us,1926,1995,nominal,start,,,,,,30,75,9,41,0,18,43.9,0.0,0.0,1926 1927 1928 1929 1930 1931 1934 1936 1937 1938 1939 1940 1955 1956 1957 1959 1960 1961 1962 1963 1964 1965 1966
us,1926,1995,nominal,start,,,,,,30,75,10,41,0,14,34.1,0.0,0.0,1926 1927 1928 1929 1930 1931 1932 1934 1935 1936 1937 1938 1939 1940 1946 1955 1956 1957 1958 1959 1960 1961 1962 1963 1964 1965 1966
us,1926,1995,nominal,start,,,,,,30,75,11,41,0,6,14.6,0.0,0.0,1926 1927 1928 1929 1930 1931 1932 1933 1934 1935 1936 1937 1938 1939 1940 1941 1945 1946 1947 1951 1952 1953 1954 1955 1956 1957 1958 1959 1960 1961 1962 1963 1964 1965 1966
us,1926,1995,nominal,start,,,,,,30,75,12,41,0,3,7.3,0.0,0.0,1926 1927 1928 1929 1930 1931 1932 1933 1934 1935 1936 1937 1938 1939 1940 1941 1943 1944 1945 1946 1947 1948 1951 1952 1953 1954 1955 1956 1957 1958 1959 1960 1961 1962 1963 1964 1965 1966
us,1926,1995,nominal,start,,,,,,30,50,3,41,0,41,100.0,5614.0,2471.0,
us,1926,1995,nominal,start,,,,,,30,50,4,41,0,41,100.0,4612.0,1231.0,
us,1926,1995,nominal,start,,,,,,30,50,5,41,0,40,97.6,3464.0,0.0,1929
us,1926,1995,nominal,start,,,,,,30,50,6,41,0,38,92.7,1923.0,0.0,1928 1929 1930
us,1926,1995,nominal,start,,,,,,30,50,7,41,0,28,68.3,522.0,0.0,1926 1927 1928 1929 1930 1931 1936 1937 1956 1962 1964 1965 1966
us,1926,1995,nominal,start,,,,,,30,50,8,41,0,16,39.0,0.0,0.0,1926 1927 1928 1929 1930 1931 1934 1936 1937 1938 1939 1940 1946 1955 1956 1957 1958 1959 1960 1961 1962 1963 1964 1965 1966
us,1926,1995,nominal,start,,,,,,30,50,9,41,0,5,12.2,0.0,0.0,1926 1927 1928 1929 1930 1931 1932 1933 1934 1935 1936 1937 1938 1939 1940 1941 1944 1945 1946 1947 1951 1952 1953 1954 1955 1956 1957 1958 1959 1960 1961 1962 1963 1964 1965 1966
us,1926,1995,nominal,start,,,,,,30,50,10,41,0,0,0.0,0.0,0.0,1926 1927 1928 1929 1930 1931 1932 1933 1934 1935 1936 1937 1938 1939 1940 1941 1942 1943 1944 1945 1946 1947 1948 1949 1950 1951 1952 1953 1954 1955 1956 1957 1958 1959 1960 1961 1962 1963 1964 1965 1966
us,1926,1995,nominal,start,,,,,,30,50,11,41,0,0,0.0,0.0,0.0,1926 1927 1928 1929 1930 1931 1932 1933 1934 1935 1936 1937 1938 1939 1940 1941 1942 1943 1944 1945 1946 1947 1948 1949 1950 1951 1952 1953 1954 1955 1956 1957 1958 1959 1960 1961 1962 1963 1964 1965 1966
us,1926,1995,nominal,start,,,,,,30,50,12,41,0,0,0.0,0.0,0.0,1926 1927 1928 1929 1930 1931 1932 1933 1934 1935 1936 1937 1938 1939 1940 1941 1942 1943 1944 1945 1946 1947 1948 1949 1950 1951 1952 1953 1954 1955 1956 1957 1958 1959 1960 1961 1962 1963 1964 1965 1966
us,1926,1995,nominal,start,,,,,,30,25,3,41,0,41,100.0,2630.0,1697.0,
us,1926,1995,nominal,start,,,,,,30,25,4,41,0,41,100.0,1876.0,963.0,
us,1926,1995,nominal,start,,,,,,30,25,5,41,0,41,100.0,1121.0,230.0,
us,1926,1995,nominal,start,,,,,,30,25,6,41,0,33,80.5,353.0,0.0,1928 1929 1930 1931 1936 1937 1939 1956
us,1926,1995,nominal,start,,,,,,30,25,7,41,0,0,0.0,0.0,0.0,1926 1927 1928 1929 1930 1931 1932 1933 1934 1935 1936 1937 1938 1939 1940 1941 1942 1943 1944 1945 1946 1947 1948 1949 1950 1951 1952 1953 1954 1955 1956 1957 1958 1959 1960 1961 1962 1963 1964 1965 1966
us,1926,1995,nominal,start,,,,,,30,25,8,41,0,0,0.0,0.0,0.0,1926 1927 1928 1929 1930 1931 1932 1933 1934 1935 1936 1937 1938 1939 1940 1941 1942 1943 1944 1945 1946 1947 1948 1949 1950 1951 1952 1953 1954 1955 1956 1957 1958 1959 1960 1961 1962 1963 1964 1965 1966
us,1926,1995,nominal,start,,,,,,30,25,9,41,0,0,0.0,0.0,0.0,1926 1927 1928 1929 1930 1931 1932 1933 1934 1935 1936 1937 1938 1939 1940 1941 1942 1943 1944 1945 1946 1947 1948 1949 1950 1951 1952 1953 1954 1955 1956 1957 1958 1959 1960 1961 1962 1963 1964 1965 1966
us,1926,1995,nominal,start,,,,,,30,25,10,41,0,0,0.0,0.0,0.0,1926 1927 1928 1929 1930 1931 1932 1933 1934 1935 1936 1937 1938 1939 1940 1941 1942 1943 1944 1945 1946 1947 1948 1949 1950 1951 1952 1953 1954 1955 1956 1957 1958 1959 1960 1961 1962 1963 1964 1965 1966
us,1926,1995,nominal,start,,,,,,30,25,11,41,0,0,0.0,0.0,0.0,1926 1927 1928 1929 1930 1931 1932 1933 1934 1935 1936 1937 1938 1939 1940 1941 1942 1943 1944 1945 1946 1947 1948 1949 1950 1951 1952 1953 1954 1955 1956 1957 1958 1959 1960 1961 1962 1963 1964 1965 1966
us,1926,1995,nominal,start,,,,,,30,25,12,41,0,0,0.0,0.0,0.0,1926 1927 1928 1929 1930 1931 1932 1933 1934 1935 1936 1937 1938 1939 1940 1941 1942 1943 1944 1945 1946 1947 1948 1949 1950 1951 1952 1953 1954 1955 1956 1957 1958 1959 1960 1961 1962 1963 1964 1965 1966
us,1926,1995,nominal,start,,,,,,30,0,3,41,0,41,100.0,893.0,568.0,
us,1926,1995,nominal,start,,,,,,30,0,4,41,0,41,100.0,431.0,153.0,
us,1926,1995,nominal,start,,,,,,30,0,5,41,0,17,41.5,0.0,0.0,1933 1934 1935 1936 1937 1938 1939 1940 1941 1942 1943 1944 1945 1946 1947 1948 1949 1950 1951 1952 1953 1954 1955 1956
us,1926,1995,nominal,start,,,,,,30,0,6,41,0,2,4.9,0.0,0.0,1926 1927 1928 1929 1930 1931 1932 1933 1934 1935 1936 1937 1938 1939 1940 1941 1942 1943 1944 1945 1946 1947 1948 1949 1950 1951 1952 1953 1954 1955 1956 1957 1958 1959 1960 1961 1962 1963 1964
us,1926,1995,nominal,start,,,,,,30,0,7,41,0,0,0.0,0.0,0.0,1926 1927 1928 1929 1930 1931 1932 1933 1934 1935 1936 1937 1938 1939 1940 1941 1942 1943 1944 1945 1946 1947 1948 1949 1950 1951 1952 1953 1954 1955 1956 1957 1958 1959 1960 1961 1962 1963 1964 1965 1966
us,1926,1995,nominal,start,,,,,,30,0,8,41,0,0,0.0,0.0,0.0,1926 1927 1928 1929 1930 1931 1932 1933 1934 1935 1936 1937 1938 1939 1940 1941 1942 1943 1944 1945 1946 1947 1948 1949 1950 1951 1952 1953 1954 1955 1956 1957 1958 1959 1960 1961 1962 1963 1964 1965 1966
us,1926,1995,nominal,start,,,,,,30,0,9,41,0,0,0.0,0.0,0.0,1926 1927 1928 1929 1930 1931 1932 1933 1934 1935 1936 1937 1938 1939 1940 1941 1942 1943 1944 1945 1946 1947 1948 1949 1950 1951 1952 1953 1954 1955 1956 1957 1958 1959 1960 1961 1962 1963 1964 1965 1966
us,1926,1995,nominal,start,,,,,,30,0,10,41,0,0,0.0,0.0,0.0,1926 1927 1928 1929 1930 1931 1932 1933 1934 1935 1936 1937 1938 1939 1940 1941 1942 1943 1944 1945 1946 1947 1948 1949 1950 1951 1952 1953 1954 1955 1956 1957 1958 1959 1960 1961 1962 1963 1964 1965 1966
us,1926,1995,nominal,start,,,,,,30,0,11,41,0,0,0.0,0.0,0.0,1926 1927 1928 1929 1930 1931 1932 1933 1934 1935 1936 1937 1938 1939 1940 1941 1942 1943 1944 1945 1946 1947 1948 1949 1950 1951 1952 1953 1954 1955 1956 1957 1958 1959 1960 1961 1962 1963 1964 1965 1966
us,1926,1995,nominal,start,,,,,,30,0,12,41,0,0,0.0,0.0,0.0,1926 1927 1928 1929 1930 1931 1932 1933 1934 1935 1936 1937 1938 1939 1940 1941 1942 1943 1944 1945 1946 1947 1948 1949 1950 1951 1952 1953 1954 1955 1956 1957 1958 1959 1960 1961 1962 1963 1964 1965 1966
