market,sample_start,sample_end,model,timing,fees_pct,cut_pct,cut_below_pct,early_cut_pct,early_cut_below_pct,early_years,period,stock_pct,rate_pct,n_windows,n_skipped,n_success,success_pct,median_terminal_per_1000,min_terminal_per_1000,failed_starts
us,1871,2025,inflation_adjusted,start,0.8,20.0,80.0,10.0,90.0,10,30,100,3,126,0,126,100.0,6668.0,1396.0,
us,1871,2025,inflation_adjusted,start,0.8,20.0,80.0,10.0,90.0,10,30,100,3.5,126,0,126,100.0,5396.0,1073.0,
us,1871,2025,inflation_adjusted,start,0.8,20.0,80.0,10.0,90.0,10,30,100,4,126,0,126,100.0,4302.0,571.0,
us,1871,2025,inflation_adjusted,start,0.8,20.0,80.0,10.0,90.0,10,30,100,4.5,126,0,121,96.0,3697.0,0.0,1929 1965 1966 1968 1969
us,1871,2025,inflation_adjusted,start,0.8,20.0,80.0,10.0,90.0,10,30,100,5,126,0,115,91.3,2803.0,0.0,1906 1929 1930 1962 1964 1965 1966 1967 1968 1969 1973
us,1871,2025,inflation_adjusted,start,0.8,20.0,80.0,10.0,90.0,10,30,100,5.5,126,0,99,78.6,2186.0,0.0,1902 1903 1905 1906 1907 1909 1910 1911 1912 1913 1929 1930 1937 1960 1961 1962 1963 1964 1965 1966 1967 1968 1969 1970 1971 1972 1973
us,1871,2025,inflation_adjusted,start,0.8,20.0,80.0,10.0,90.0,10,30,100,6,126,0,93,73.8,1681.0,0.0,1899 1901 1902 1903 1905 1906 1907 1909 1910 1911 1912 1913 1914 1916 1928 1929 1930 1937 1959 1960 1961 1962 1963 1964 1965 1966 1967 1968 1969 1970 1971 1972 1973
us,1871,2025,inflation_adjusted,start,0.8,20.0,80.0,10.0,90.0,10,30,75,3,126,0,126,100.0,4604.0,1406.0,
us,1871,2025,inflation_adjusted,start,0.8,20.0,80.0,10.0,90.0,10,30,75,3.5,126,0,126,100.0,3934.0,1044.0,
us,1871,2025,inflation_adjusted,start,0.8,20.0,80.0,10.0,90.0,10,30,75,4,126,0,126,100.0,3006.0,579.0,
us,1871,2025,inflation_adjusted,start,0.8,20.0,80.0,10.0,90.0,10,30,75,4.5,126,0,122,96.8,2456.0,0.0,1965 1966 1968 1969
us,1871,2025,inflation_adjusted,start,0.8,20.0,80.0,10.0,90.0,10,30,75,5,126,0,115,91.3,2030.0,0.0,1906 1907 1962 1963 1964 1965 1966 1967 1968 1969 1973
us,1871,2025,inflation_adjusted,start,0.8,20.0,80.0,10.0,90.0,10,30,75,5.5,126,0,96,76.2,1354.0,0.0,1899 1901 1902 1903 1905 1906 1907 1909 1910 1911 1912 1913 1929 1937 1956 1959 1960 1961 1962 1963 1964 1965 1966 1967 1968 1969 1970 1971 1972 1973
us,1871,2025,inflation_adjusted,start,0.8,20.0,80.0,10.0,90.0,10,30,75,6,126,0,88,69.8,826.0,0.0,1898 1899 1900 1901 1902 1903 1904 1905 1906 1907 1908 1909 1910 1911 1912 1913 1914 1916 1929 1930 1937 1956 1957 1959 1960 1961 1962 1963 1964 1965 1966 1967 1968 1969 1970 1971 1972 1973
us,1871,2025,inflation_adjusted,start,0.8,20.0,80.0,10.0,90.0,10,30,50,3,126,0,126,100.0,3014.0,1183.0,
us,1871,2025,inflation_adjusted,start,0.8,20.0,80.0,10.0,90.0,10,30,50,3.5,126,0,126,100.0,2393.0,848.0,
us,1871,2025,inflation_adjusted,start,0.8,20.0,80.0,10.0,90.0,10,30,50,4,126,0,126,100.0,1823.0,175.0,
us,1871,2025,inflation_adjusted,start,0.8,20.0,80.0,10.0,90.0,10,30,50,4.5,126,0,118,93.7,1339.0,0.0,1962 1963 1964 1965 1966 1967 1968 1969
us,1871,2025,inflation_adjusted,start,0.8,20.0,80.0,10.0,90.0,10,30,50,5,126,0,100,79.4,868.0,0.0,1899 1901 1902 1903 1905 1906 1907 1909 1911 1912 1937 1956 1957 1959 1960 1961 1962 1963 1964 1965 1966 1967 1968 1969 1972 1973
us,1871,2025,inflation_adjusted,start,0.8,20.0,80.0,10.0,90.0,10,30,50,5.5,126,0,81,64.3,497.0,0.0,1895 1896 1897 1898 1899 1900 1901 1902 1903 1904 1905 1906 1907 1908 1909 1910 1911 1912 1913 1914 1916 1929 1936 1937 1939 1940 1955 1956 1957 1958 1959 1960 1961 1962 1963 1964 1965 1966 1967 1968 1969 1970 1971 1972 1973
us,1871,2025,inflation_adjusted,start,0.8,20.0,80.0,10.0,90.0,10,30,50,6,126,0,69,54.8,195.0,0.0,1892 1893 1894 1895 1896 1897 1898 1899 1900 1901 1902 1903 1904 1905 1906 1907 1908 1909 1910 1911 1912 1913 1914 1915 1916 1917 1929 1930 1931 1934 1936 1937 1938 1939 1940 1941 1946 1955 1956 1957 1958 1959 1960 1961 1962 1963 1964 1965 1966 1967 1968 1969 1970 1971 1972 1973 1974
us,1871,2025,inflation_adjusted,start,0.8,20.0,80.0,10.0,90.0,10,30,25,3,126,0,126,100.0,1505.0,776.0,
us,1871,2025,inflation_adjusted,start,0.8,20.0,80.0,10.0,90.0,10,30,25,3.5,126,0,126,100.0,1094.0,412.0,
us,1871,2025,inflation_adjusted,start,0.8,20.0,80.0,10.0,90.0,10,30,25,4,126,0,121,96.0,761.0,0.0,1962 1963 1964 1965 1966
us,1871,2025,inflation_adjusted,start,0.8,20.0,80.0,10.0,90.0,10,30,25,4.5,126,0,95,75.4,455.0,0.0,1897 1898 1899 1901 1902 1905 1906 1907 1909 1936 1937 1938 1939 1940 1941 1946 1955 1956 1957 1958 1959 1960 1961 1962 1963 1964 1965 1966 1967 1968 1969
us,1871,2025,inflation_adjusted,start,0.8,20.0,80.0,10.0,90.0,10,30,25,5,126,0,69,54.8,120.0,0.0,1894 1895 1896 1897 1898 1899 1900 1901 1902 1903 1904 1905 1906 1907 1908 1909 1910 1911 1912 1913 1914 1916 1934 1935 1936 1937 1938 1939 1940 1941 1942 1943 1944 1945 1946 1952 1953 1954 1955 1956 1957 1958 1959 1960 1961 1962 1963 1964 1965 1966 1967 1968 1969 1970 1971 1972 1973
us,1871,2025,inflation_adjusted,start,0.8,20.0,80.0,10.0,90.0,10,30,25,5.5,126,0,54,42.9,0.0,0.0,1890 1892 1893 1894 1895 1896 1897 1898 1899 1900 1901 1902 1903 1904 1905 1906 1907 1908 1909 1910 1911 1912 1913 1914 1915 1916 1917 1929 1930 1931 1932 1933 1934 1935 1936 1937 1938 1939 1940 1941 1942 1943 1944 1945 1946 1947 1949 1950 1951 1952 1953 1954 1955 1956 1957 1958 1959 1960 1961 1962 1963 1964 1965 1966 1967 1968 1969 1970 1971 1972 1973 1974
us,1871,2025,inflation_adjusted,start,0.8,20.0,80.0,10.0,90.0,10,30,25,6,126,0,48,38.1,0.0,0.0,1886 1887 1889 1890 1891 1892 1893 1894 1895 1896 1897 1898 1899 1900 1901 1902 1903 1904 1905 1906 1907 1908 1909 1910 1911 1912 1913 1914 1915 1916 1917 1928 1929 1930 1931 1932 1933 1934 1935 1936 1937 1938 1939 1940 1941 1942 1943 1944 1945 1946 1947 1948 1949 1950 1951 1952 1953 1954 1955 1956 1957 1958 1959 1960 1961 1962 1963 1964 1965 1966 1967 1968 1969 1970 1971 1972 1973 1974
us,1871,2025,inflation_adjusted,start,0.8,20.0,80.0,10.0,90.0,10,30,0,3,126,0,122,96.8,847.0,0.0,1939 1940 1941 1942
us,1871,2025,inflation_adjusted,start,0.8,20.0,80.0,10.0,90.0,10,30,0,3.5,126,0,104,82.5,513.0,0.0,1899 1933 1934 1935 1936 1937 1938 1939 1940 1941 1942 1943 1944 1945 1946 1947 1950 1954 1955 1956 1958 1963
us,1871,2025,inflation_adjusted,start,0.8,20.0,80.0,10.0,90.0,10,30,0,4,126,0,78,61.9,240.0,0.0,1895 1896 1897 1898 1899 1900 1901 1902 1904 1905 1906 1932 1933 1934 1935 1936 1937 1938 1939 1940 1941 1942 1943 1944 1945 1946 1947 1948 1949 1950 1951 1952 1953 1954 1955 1956 1957 1958 1959 1960 1961 1962 1963 1964 1965 1966 1967 1968
us,1871,2025,inflation_adjusted,start,0.8,20.0,80.0,10.0,90.0,10,30,0,4.5,126,0,60,47.6,0.0,0.0,1892 1894 1895 1896 1897 1898 1899 1900 1901 1902 1903 1904 1905 1906 1907 1908 1909 1910 1911 1912 1913 1914 1915 1916 1931 1932 1933 1934 1935 1936 1937 1938 1939 1940 1941 1942 1943 1944 1945 1946 1947 1948 1949 1950 1951 1952 1953 1954 1955 1956 1957 1958 1959 1960 1961 1962 1963 1964 1965 1966 1967 1968 1969 1971 1972 1973
us,1871,2025,inflation_adjusted,start,0.8,20.0,80.0,10.0,90.0,10,30,0,5,126,0,51,40.5,0.0,0.0,1890 1891 1892 1893 1894 1895 1896 1897 1898 1899 1900 1901 1902 1903 1904 1905 1906 1907 1908 1909 1910 1911 1912 1913 1914 1915 1916 1917 1928 1929 1930 1931 1932 1933 1934 1935 1936 1937 1938 1939 1940 1941 1942 1943 1944 1945 1946 1947 1948 1949 1950 1951 1952 1953 1954 1955 1956 1957 1958 1959 1960 1961 1962 1963 1964 1965 1966 1967 1968 1969 1970 1971 1972 1973 1974
us,1871,2025,inflation_adjusted,start,0.8,20.0,80.0,10.0,90.0,10,30,0,5.5,126,0,41,32.5,0.0,0.0,1886 1887 1889 1890 1891 1892 1893 1894 1895 1896 1897 1898 1899 1900 1901 1902 1903 1904 1905 1906 1907 1908 1909 1910 1911 1912 1913 1914 1915 1916 1917 1924 1925 1926 1927 1928 1929 1930 1931 1932 1933 1934 1935 1936 1937 1938 1939 1940 1941 1942 1943 1944 1945 1946 1947 1948 1949 1950 1951 1952 1953 1954 1955 1956 1957 1958 1959 1960 1961 1962 1963 1964 1965 1966 1967 1968 1969 1970 1971 1972 1973 1974 1975 1977 1996
us,1871,2025,inflation_adjusted,start,0.8,20.0,80.0,10.0,90.0,10,30,0,6,126,0,30,23.8,0.0,0.0,1885 1886 1887 1888 1889 1890 1891 1892 1893 1894 1895 1896 1897 1898 1899 1900 1901 1902 1903 1904 1905 1906 1907 1908 1909 1910 1911 1912 1913 1914 1915 1916 1917 1918 1922 1923 1924 1925 1926 1927 1928 1929 1930 1931 1932 1933 1934 1935 1936 1937 1938 1939 1940 1941 1942 1943 1944 1945 1946 1947 1948 1949 1950 1951 1952 1953 1954 1955 1956 1957 1958 1959 1960 1961 1962 1963 1964 1965 1966 1967 1968 1969 1970 1971 1972 1973 1974 1975 1976 1977 1978 1992 1993 1994 1995 1996
us,1871,2025,inflation_adjusted,start,0.8,20.0,80.0,10.0,90.0,10,40,100,3,116,0,116,100.0,11935.0,2097.0,
us,1871,2025,inflation_adjusted,start,0.8,20.0,80.0,10.0,90.0,10,40,100,3.5,116,0,116,100.0,9118.0,1403.0,
us,1871,2025,inflation_adjusted,start,0.8,20.0,80.0,10.0,90.0,10,40,100,4,116,0,115,99.1,6398.0,0.0,1966
us,1871,2025,inflation_adjusted,start,0.8,20.0,80.0,10.0,90.0,10,40,100,4.5,116,0,106,91.4,4763.0,0.0,1906 1907 1929 1964 1965 1966 1967 1968 1969 1973
us,1871,2025,inflation_adjusted,start,0.8,20.0,80.0,10.0,90.0,10,40,100,5,116,0,91,78.4,3360.0,0.0,1899 1902 1903 1905 1906 1907 1909 1910 1911 1912 1913 1929 1930 1962 1963 1964 1965 1966 1967 1968 1969 1970 1971 1972 1973
us,1871,2025,inflation_adjusted,start,0.8,20.0,80.0,10.0,90.0,10,40,100,5.5,116,0,82,70.7,2201.0,0.0,1892 1899 1901 1902 1903 1905 1906 1907 1909 1910 1911 1912 1913 1914 1916 1929 1930 1937 1956 1959 1960 1961 1962 1963 1964 1965 1966 1967 1968 1969 1970 1971 1972 1973
us,1871,2025,inflation_adjusted,start,0.8,20.0,80.0,10.0,90.0,10,40,100,6,116,0,67,57.8,778.0,0.0,1886 1887 1888 1889 1890 1892 1893 1898 1899 1900 1901 1902 1903 1904 1905 1906 1907 1908 1909 1910 1911 1912 1913 1914 1916 1917 1928 1929 1930 1931 1937 1956 1957 1959 1960 1961 1962 1963 1964 1965 1966 1967 1968 1969 1970 1971 1972 1973 1974
us,1871,2025,inflation_adjusted,start,0.8,20.0,80.0,10.0,90.0,10,40,75,3,116,0,116,100.0,8501.0,1857.0,
us,1871,2025,inflation_adjusted,start,0.8,20.0,80.0,10.0,90.0,10,40,75,3.5,116,0,116,100.0,5958.0,1207.0,
us,1871,2025,inflation_adjusted,start,0.8,20.0,80.0,10.0,90.0,10,40,75,4,116,0,114,98.3,4267.0,0.0,1965 1966
us,1871,2025,inflation_adjusted,start,0.8,20.0,80.0,10.0,90.0,10,40,75,4.5,116,0,105,90.5,2953.0,0.0,1902 1906 1907 1962 1964 1965 1966 1967 1968 1969 1973
us,1871,2025,inflation_adjusted,start,0.8,20.0,80.0,10.0,90.0,10,40,75,5,116,0,84,72.4,1700.0,0.0,1899 1901 1902 1903 1905 1906 1907 1909 1910 1911 1912 1913 1916 1929 1937 1956 1957 1959 1960 1961 1962 1963 1964 1965 1966 1967 1968 1969 1970 1971 1972 1973
us,1871,2025,inflation_adjusted,start,0.8,20.0,80.0,10.0,90.0,10,40,75,5.5,116,0,65,56.0,467.0,0.0,1886 1887 1889 1890 1892 1893 1894 1895 1896 1897 1898 1899 1900 1901 1902 1903 1904 1905 1906 1907 1908 1909 1910 1911 1912 1913 1914 1916 1917 1929 1930 1937 1955 1956 1957 1958 1959 1960 1961 1962 1963 1964 1965 1966 1967 1968 1969 1970 1971 1972 1973
us,1871,2025,inflation_adjusted,start,0.8,20.0,80.0,10.0,90.0,10,40,75,6,116,0,54,46.6,0.0,0.0,1881 1886 1887 1888 1889 1890 1891 1892 1893 1894 1895 1896 1897 1898 1899 1900 1901 1902 1903 1904 1905 1906 1907 1908 1909 1910 1911 1912 1913 1914 1915 1916 1917 1928 1929 1930 1931 1936 1937 1939 1940 1946 1955 1956 1957 1958 1959 1960 1961 1962 1963 1964 1965 1966 1967 1968 1969 1970 1971 1972 1973 1974
us,1871,2025,inflation_adjusted,start,0.8,20.0,80.0,10.0,90.0,10,40,50,3,116,0,116,100.0,4385.0,1399.0,
us,1871,2025,inflation_adjusted,start,0.8,20.0,80.0,10.0,90.0,10,40,50,3.5,116,0,116,100.0,2984.0,838.0,
us,1871,2025,inflation_adjusted,start,0.8,20.0,80.0,10.0,90.0,10,40,50,4,116,0,110,94.8,1756.0,0.0,1962 1964 1965 1966 1967 1968
us,1871,2025,inflation_adjusted,start,0.8,20.0,80.0,10.0,90.0,10,40,50,4.5,116,0,85,73.3,851.0,0.0,1898 1899 1901 1902 1903 1905 1906 1907 1909 1910 1911 1912 1937 1946 1955 1956 1957 1958 1959 1960 1961 1962 1963 1964 1965 1966 1967 1968 1969 1972 1973
us,1871,2025,inflation_adjusted,start,0.8,20.0,80.0,10.0,90.0,10,40,50,5,116,0,57,49.1,0.0,0.0,1886 1887 1889 1890 1891 1892 1893 1894 1895 1896 1897 1898 1899 1900 1901 1902 1903 1904 1905 1906 1907 1908 1909 1910 1911 1912 1913 1914 1916 1929 1930 1934 1936 1937 1938 1939 1940 1941 1945 1946 1955 1956 1957 1958 1959 1960 1961 1962 1963 1964 1965 1966 1967 1968 1969 1970 1971 1972 1973
us,1871,2025,inflation_adjusted,start,0.8,20.0,80.0,10.0,90.0,10,40,50,5.5,116,0,41,35.3,0.0,0.0,1886 1887 1888 1889 1890 1891 1892 1893 1894 1895 1896 1897 1898 1899 1900 1901 1902 1903 1904 1905 1906 1907 1908 1909 1910 1911 1912 1913 1914 1915 1916 1917 1928 1929 1930 1931 1934 1935 1936 1937 1938 1939 1940 1941 1942 1943 1944 1945 1946 1947 1950 1951 1952 1953 1954 1955 1956 1957 1958 1959 1960 1961 1962 1963 1964 1965 1966 1967 1968 1969 1970 1971 1972 1973 1974
us,1871,2025,inflation_adjusted,start,0.8,20.0,80.0,10.0,90.0,10,40,50,6,116,0,33,28.4,0.0,0.0,1881 1882 1883 1884 1885 1886 1887 1888 1889 1890 1891 1892 1893 1894 1895 1896 1897 1898 1899 1900 1901 1902 1903 1904 1905 1906 1907 1908 1909 1910 1911 1912 1913 1914 1915 1916 1917 1928 1929 1930 1931 1933 1934 1935 1936 1937 1938 1939 1940 1941 1942 1943 1944 1945 1946 1947 1948 1949 1950 1951 1952 1953 1954 1955 1956 1957 1958 1959 1960 1961 1962 1963 1964 1965 1966 1967 1968 1969 1970 1971 1972 1973 1974
us,1871,2025,inflation_adjusted,start,0.8,20.0,80.0,10.0,90.0,10,40,25,3,116,0,116,100.0,1771.0,224.0,
us,1871,2025,inflation_adjusted,start,0.8,20.0,80.0,10.0,90.0,10,40,25,3.5,116,0,103,88.8,890.0,0.0,1936 1937 1938 1939 1940 1941 1945 1946 1956 1962 1964 1965 1966
us,1871,2025,inflation_adjusted,start,0.8,20.0,80.0,10.0,90.0,10,40,25,4,116,0,63,54.3,125.0,0.0,1894 1895 1896 1897 1898 1899 1900 1901 1902 1903 1905 1906 1907 1909 1911 1912 1933 1934 1935 1936 1937 1938 1939 1940 1941 1942 1943 1944 1945 1946 1947 1948 1949 1950 1951 1952 1953 1954 1955 1956 1957 1958 1959 1960 1961 1962 1963 1964 1965 1966 1967 1968 1969
us,1871,2025,inflation_adjusted,start,0.8,20.0,80.0,10.0,90.0,10,40,25,4.5,116,0,41,35.3,0.0,0.0,1886 1887 1889 1890 1891 1892 1893 1894 1895 1896 1897 1898 1899 1900 1901 1902 1903 1904 1905 1906 1907 1908 1909 1910 1911 1912 1913 1914 1915 1916 1929 1930 1931 1932 1933 1934 1935 1936 1937 1938 1939 1940 1941 1942 1943 1944 1945 1946 1947 1948 1949 1950 1951 1952 1953 1954 1955 1956 1957 1958 1959 1960 1961 1962 1963 1964 1965 1966 1967 1968 1969 1970 1971 1972 1973
us,1871,2025,inflation_adjusted,start,0.8,20.0,80.0,10.0,90.0,10,40,25,5,116,0,35,30.2,0.0,0.0,1885 1886 1887 1888 1889 1890 1891 1892 1893 1894 1895 1896 1897 1898 1899 1900 1901 1902 1903 1904 1905 1906 1907 1908 1909 1910 1911 1912 1913 1914 1915 1916 1917 1927 1928 1929 1930 1931 1932 1933 1934 1935 1936 1937 1938 1939 1940 1941 1942 1943 1944 1945 1946 1947 1948 1949 1950 1951 1952 1953 1954 1955 1956 1957 1958 1959 1960 1961 1962 1963 1964 1965 1966 1967 1968 1969 1970 1971 1972 1973 1974
us,1871,2025,inflation_adjusted,start,0.8,20.0,80.0,10.0,90.0,10,40,25,5.5,116,0,28,24.1,0.0,0.0,1879 1881 1883 1884 1885 1886 1887 1888 1889 1890 1891 1892 1893 1894 1895 1896 1897 1898 1899 1900 1901 1902 1903 1904 1905 1906 1907 1908 1909 1910 1911 1912 1913 1914 1915 1916 1917 1918 1925 1926 1927 1928 1929 1930 1931 1932 1933 1934 1935 1936 1937 1938 1939 1940 1941 1942 1943 1944 1945 1946 1947 1948 1949 1950 1951 1952 1953 1954 1955 1956 1957 1958 1959 1960 1961 1962 1963 1964 1965 1966 1967 1968 1969 1970 1971 1972 1973 1974
us,1871,2025,inflation_adjusted,start,0.8,20.0,80.0,10.0,90.0,10,40,25,6,116,0,19,16.4,0.0,0.0,1879 1880 1881 1882 1883 1884 1885 1886 1887 1888 1889 1890 1891 1892 1893 1894 1895 1896 1897 1898 1899 1900 1901 1902 1903 1904 1905 1906 1907 1908 1909 1910 1911 1912 1913 1914 1915 1916 1917 1918 1919 1922 1923 1924 1925 1926 1927 1928 1929 1930 1931 1932 1933 1934 1935 1936 1937 1938 1939 1940 1941 1942 1943 1944 1945 1946 1947 1948 1949 1950 1951 1952 1953 1954 1955 1956 1957 1958 1959 1960 1961 1962 1963 1964 1965 1966 1967 1968 1969 1970 1971 1972 1973 1974 1975 1976 1977
us,1871,2025,inflation_adjusted,start,0.8,20.0,80.0,10.0,90.0,10,40,0,3,116,0,83,71.6,365.0,0.0,1895 1897 1898 1899 1932 1933 1934 1935 1936 1937 1938 1939 1940 1941 1942 1943 1944 1945 1946 1947 1948 1949 1950 1951 1952 1953 1954 1955 1956 1957 1958 1961 1963
us,1871,2025,inflation_adjusted,start,0.8,20.0,80.0,10.0,90.0,10,40,0,3.5,116,0,54,46.6,0.0,0.0,1892 1894 1895 1896 1897 1898 1899 1900 1901 1902 1903 1904 1905 1906 1907 1908 1909 1911 1912 1913 1914 1915 1916 1930 1931 1932 1933 1934 1935 1936 1937 1938 1939 1940 1941 1942 1943 1944 1945 1946 1947 1948 1949 1950 1951 1952 1953 1954 1955 1956 1957 1958 1959 1960 1961 1962 1963 1964 1965 1966 1967 1968
us,1871,2025,inflation_adjusted,start,0.8,20.0,80.0,10.0,90.0,10,40,0,4,116,0,37,31.9,0.0,0.0,1886 1887 1889 1890 1891 1892 1893 1894 1895 1896 1897 1898 1899 1900 1901 1902 1903 1904 1905 1906 1907 1908 1909 1910 1911 1912 1913 1914 1915 1916 1917 1925 1926 1927 1928 1929 1930 1931 1932 1933 1934 1935 1936 1937 1938 1939 1940 1941 1942 1943 1944 1945 1946 1947 1948 1949 1950 1951 1952 1953 1954 1955 1956 1957 1958 1959 1960 1961 1962 1963 1964 1965 1966 1967 1968 1969 1971 1972 1973
us,1871,2025,inflation_adjusted,start,0.8,20.0,80.0,10.0,90.0,10,40,0,4.5,116,0,28,24.1,0.0,0.0,1885 1886 1887 1888 1889 1890 1891 1892 1893 1894 1895 1896 1897 1898 1899 1900 1901 1902 1903 1904 1905 1906 1907 1908 1909 1910 1911 1912 1913 1914 1915 1916 1917 1918 1919 1922 1923 1924 1925 1926 1927 1928 1929 1930 1931 1932 1933 1934 1935 1936 1937 1938 1939 1940 1941 1942 1943 1944 1945 1946 1947 1948 1949 1950 1951 1952 1953 1954 1955 1956 1957 1958 1959 1960 1961 1962 1963 1964 1965 1966 1967 1968 1969 1970 1971 1972 1973 1974
us,1871,2025,inflation_adjusted,start,0.8,20.0,80.0,10.0,90.0,10,40,0,5,116,0,20,17.2,0.0,0.0,1879 1881 1883 1884 1885 1886 1887 1888 1889 1890 1891 1892 1893 1894 1895 1896 1897 1898 1899 1900 1901 1902 1903 1904 1905 1906 1907 1908 1909 1910 1911 1912 1913 1914 1915 1916 1917 1918 1919 1921 1922 1923 1924 1925 1926 1927 1928 1929 1930 1931 1932 1933 1934 1935 1936 1937 1938 1939 1940 1941 1942 1943 1944 1945 1946 1947 1948 1949 1950 1951 1952 1953 1954 1955 1956 1957 1958 1959 1960 1961 1962 1963 1964 1965 1966 1967 1968 1969 1970 1971 1972 1973 1974 1975 1976 1977
us,1871,2025,inflation_adjusted,start,0.8,20.0,80.0,10.0,90.0,10,40,0,5.5,116,0,14,12.1,0.0,0.0,1878 1879 1880 1881 1882 1883 1884 1885 1886 1887 1888 1889 1890 1891 1892 1893 1894 1895 1896 1897 1898 1899 1900 1901 1902 1903 1904 1905 1906 1907 1908 1909 1910 1911 1912 1913 1914 1915 1916 1917 1918 1919 1920 1921 1922 1923 1924 1925 1926 1927 1928 1929 1930 1931 1932 1933 1934 1935 1936 1937 1938 1939 1940 1941 1942 1943 1944 1945 1946 1947 1948 1949 1950 1951 1952 1953 1954 1955 1956 1957 1958 1959 1960 1961 1962 1963 1964 1965 1966 1967 1968 1969 1970 1971 1972 1973 1974 1975 1976 1977 1978 1986
us,1871,2025,inflation_adjusted,start,0.8,20.0,80.0,10.0,90.0,10,40,0,6,116,0,12,10.3,0.0,0.0,1876 1878 1879 1880 1881 1882 1883 1884 1885 1886 1887 1888 1889 1890 1891 1892 1893 1894 1895 1896 1897 1898 1899 1900 1901 1902 1903 1904 1905 1906 1907 1908 1909 1910 1911 1912 1913 1914 1915 1916 1917 1918 1919 1920 1921 1922 1923 1924 1925 1926 1927 1928 1929 1930 1931 1932 1933 1934 1935 1936 1937 1938 1939 1940 1941 1942 1943 1944 1945 1946 1947 1948 1949 1950 1951 1952 1953 1954 1955 1956 1957 1958 1959 1960 1961 1962 1963 1964 1965 1966 1967 1968 1969 1970 1971 1972 1973 1974 1975 1976 1977 1978 1979 1986
us,1871,2025,inflation_adjusted,start,0.8,20.0,80.0,10.0,90.0,10,50,100,3,106,0,106,100.0,21789.0,4837.0,
us,1871,2025,inflation_adjusted,start,0.8,20.0,80.0,10.0,90.0,10,50,100,3.5,106,0,106,100.0,14983.0,2276.0,
us,1871,2025,inflation_adjusted,start,0.8,20.0,80.0,10.0,90.0,10,50,100,4,106,0,100,94.3,10837.0,0.0,1906 1929 1965 1966 1968 1969
us,1871,2025,inflation_adjusted,start,0.8,20.0,80.0,10.0,90.0,10,50,100,4.5,106,0,89,84.0,6514.0,0.0,1902 1903 1905 1906 1907 1909 1910 1929 1930 1962 1964 1965 1966 1967 1968 1969 1973
us,1871,2025,inflation_adjusted,start,0.8,20.0,80.0,10.0,90.0,10,50,100,5,106,0,75,70.8,3871.0,0.0,1899 1901 1902 1903 1905 1906 1907 1909 1910 1911 1912 1913 1916 1929 1930 1937 1959 1960 1961 1962 1963 1964 1965 1966 1967 1968 1969 1970 1971 1972 1973
us,1871,2025,inflation_adjusted,start,0.8,20.0,80.0,10.0,90.0,10,50,100,5.5,106,0,58,54.7,1030.0,0.0,1881 1886 1887 1888 1889 1890 1892 1893 1898 1899 1900 1901 1902 1903 1904 1905 1906 1907 1908 1909 1910 1911 1912 1913 1914 1916 1917 1928 1929 1930 1937 1956 1957 1959 1960 1961 1962 1963 1964 1965 1966 1967 1968 1969 1970 1971 1972 1973
us,1871,2025,inflation_adjusted,start,0.8,20.0,80.0,10.0,90.0,10,50,100,6,106,0,46,43.4,0.0,0.0,1881 1882 1883 1884 1886 1887 1888 1889 1890 1891 1892 1893 1894 1895 1896 1897 1898 1899 1900 1901 1902 1903 1904 1905 1906 1907 1908 1909 1910 1911 1912 1913 1914 1915 1916 1917 1928 1929 1930 1931 1936 1937 1956 1957 1959 1960 1961 1962 1963 1964 1965 1966 1967 1968 1969 1970 1971 1972 1973 1974
us,1871,2025,inflation_adjusted,start,0.8,20.0,80.0,10.0,90.0,10,50,75,3,106,0,106,100.0,13809.0,3918.0,
us,1871,2025,inflation_adjusted,start,0.8,20.0,80.0,10.0,90.0,10,50,75,3.5,106,0,106,100.0,9010.0,1929.0,
us,1871,2025,inflation_adjusted,start,0.8,20.0,80.0,10.0,90.0,10,50,75,4,106,0,99,93.4,5814.0,0.0,1906 1964 1965 1966 1967 1968 1969
us,1871,2025,inflation_adjusted,start,0.8,20.0,80.0,10.0,90.0,10,50,75,4.5,106,0,80,75.5,2635.0,0.0,1899 1901 1902 1903 1905 1906 1907 1909 1910 1911 1912 1929 1937 1959 1960 1961 1962 1963 1964 1965 1966 1967 1968 1969 1972 1973
us,1871,2025,inflation_adjusted,start,0.8,20.0,80.0,10.0,90.0,10,50,75,5,106,0,60,56.6,708.0,0.0,1886 1887 1889 1890 1892 1893 1895 1898 1899 1900 1901 1902 1903 1904 1905 1906 1907 1908 1909 1910 1911 1912 1913 1914 1916 1929 1930 1936 1937 1956 1957 1959 1960 1961 1962 1963 1964 1965 1966 1967 1968 1969 1970 1971 1972 1973
us,1871,2025,inflation_adjusted,start,0.8,20.0,80.0,10.0,90.0,10,50,75,5.5,106,0,41,38.7,0.0,0.0,1881 1882 1886 1887 1888 1889 1890 1891 1892 1893 1894 1895 1896 1897 1898 1899 1900 1901 1902 1903 1904 1905 1906 1907 1908 1909 1910 1911 1912 1913 1914 1915 1916 1917 1928 1929 1930 1931 1934 1936 1937 1938 1939 1940 1946 1955 1956 1957 1958 1959 1960 1961 1962 1963 1964 1965 1966 1967 1968 1969 1970 1971 1972 1973 1974
us,1871,2025,inflation_adjusted,start,0.8,20.0,80.0,10.0,90.0,10,50,75,6,106,0,36,34.0,0.0,0.0,1880 1881 1882 1883 1884 1885 1886 1887 1888 1889 1890 1891 1892 1893 1894 1895 1896 1897 1898 1899 1900 1901 1902 1903 1904 1905 1906 1907 1908 1909 1910 1911 1912 1913 1914 1915 1916 1917 1928 1929 1930 1931 1934 1936 1937 1938 1939 1940 1941 1946 1955 1956 1957 1958 1959 1960 1961 1962 1963 1964 1965 1966 1967 1968 1969 1970 1971 1972 1973 1974
us,1871,2025,inflation_adjusted,start,0.8,20.0,80.0,10.0,90.0,10,50,50,3,106,0,106,100.0,6509.0,1941.0,
us,1871,2025,inflation_adjusted,start,0.8,20.0,80.0,10.0,90.0,10,50,50,3.5,106,0,104,98.1,3391.0,0.0,1965 1966
us,1871,2025,inflation_adjusted,start,0.8,20.0,80.0,10.0,90.0,10,50,50,4,106,0,78,73.6,1418.0,0.0,1899 1901 1902 1903 1905 1906 1907 1909 1911 1912 1936 1937 1939 1940 1946 1956 1957 1959 1960 1961 1962 1963 1964 1965 1966 1967 1968 1969
us,1871,2025,inflation_adjusted,start,0.8,20.0,80.0,10.0,90.0,10,50,50,4.5,106,0,46,43.4,0.0,0.0,1886 1887 1889 1890 1892 1893 1894 1895 1896 1897 1898 1899 1900 1901 1902 1903 1904 1905 1906 1907 1908 1909 1910 1911 1912 1913 1914 1916 1929 1930 1934 1935 1936 1937 1938 1939 1940 1941 1944 1945 1946 1955 1956 1957 1958 1959 1960 1961 1962 1963 1964 1965 1966 1967 1968 1969 1970 1971 1972 1973
us,1871,2025,inflation_adjusted,start,0.8,20.0,80.0,10.0,90.0,10,50,50,5,106,0,31,29.2,0.0,0.0,1881 1886 1887 1888 1889 1890 1891 1892 1893 1894 1895 1896 1897 1898 1899 1900 1901 1902 1903 1904 1905 1906 1907 1908 1909 1910 1911 1912 1913 1914 1915 1916 1917 1928 1929 1930 1931 1933 1934 1935 1936 1937 1938 1939 1940 1941 1942 1943 1944 1945 1946 1947 1951 1952 1953 1954 1955 1956 1957 1958 1959 1960 1961 1962 1963 1964 1965 1966 1967 1968 1969 1970 1971 1972 1973
us,1871,2025,inflation_adjusted,start,0.8,20.0,80.0,10.0,90.0,10,50,50,5.5,106,0,20,18.9,0.0,0.0,1879 1880 1881 1882 1883 1884 1885 1886 1887 1888 1889 1890 1891 1892 1893 1894 1895 1896 1897 1898 1899 1900 1901 1902 1903 1904 1905 1906 1907 1908 1909 1910 1911 1912 1913 1914 1915 1916 1917 1928 1929 1930 1931 1932 1933 1934 1935 1936 1937 1938 1939 1940 1941 1942 1943 1944 1945 1946 1947 1948 1949 1950 1951 1952 1953 1954 1955 1956 1957 1958 1959 1960 1961 1962 1963 1964 1965 1966 1967 1968 1969 1970 1971 1972 1973 1974
us,1871,2025,inflation_adjusted,start,0.8,20.0,80.0,10.0,90.0,10,50,50,6,106,0,15,14.2,0.0,0.0,1879 1880 1881 1882 1883 1884 1885 1886 1887 1888 1889 1890 1891 1892 1893 1894 1895 1896 1897 1898 1899 1900 1901 1902 1903 1904 1905 1906 1907 1908 1909 1910 1911 1912 1913 1914 1915 1916 1917 1918 1926 1927 1928 1929 1930 1931 1932 1933 1934 1935 1936 1937 1938 1939 1940 1941 1942 1943 1944 1945 1946 1947 1948 1949 1950 1951 1952 1953 1954 1955 1956 1957 1958 1959 1960 1961 1962 1963 1964 1965 1966 1967 1968 1969 1970 1971 1972 1973 1974 1975 1976
us,1871,2025,inflation_adjusted,start,0.8,20.0,80.0,10.0,90.0,10,50,25,3,106,0,97,91.5,1736.0,0.0,1934 1935 1936 1937 1938 1939 1940 1941 1946
us,1871,2025,inflation_adjusted,start,0.8,20.0,80.0,10.0,90.0,10,50,25,3.5,106,0,57,53.8,147.0,0.0,1895 1896 1897 1898 1899 1900 1901 1902 1903 1904 1905 1906 1907 1909 1911 1912 1933 1934 1935 1936 1937 1938 1939 1940 1941 1942 1943 1944 1945 1946 1947 1950 1951 1953 1954 1955 1956 1957 1958 1959 1960 1961 1962 1963 1964 1965 1966 1967 1968
us,1871,2025,inflation_adjusted,start,0.8,20.0,80.0,10.0,90.0,10,50,25,4,106,0,30,28.3,0.0,0.0,1886 1887 1889 1890 1891 1892 1893 1894 1895 1896 1897 1898 1899 1900 1901 1902 1903 1904 1905 1906 1907 1908 1909 1910 1911 1912 1913 1914 1915 1916 1917 1928 1929 1930 1931 1932 1933 1934 1935 1936 1937 1938 1939 1940 1941 1942 1943 1944 1945 1946 1947 1948 1949 1950 1951 1952 1953 1954 1955 1956 1957 1958 1959 1960 1961 1962 1963 1964 1965 1966 1967 1968 1969 1971 1972 1973
us,1871,2025,inflation_adjusted,start,0.8,20.0,80.0,10.0,90.0,10,50,25,4.5,106,0,23,21.7,0.0,0.0,1881 1884 1885 1886 1887 1888 1889 1890 1891 1892 1893 1894 1895 1896 1897 1898 1899 1900 1901 1902 1903 1904 1905 1906 1907 1908 1909 1910 1911 1912 1913 1914 1915 1916 1917 1927 1928 1929 1930 1931 1932 1933 1934 1935 1936 1937 1938 1939 1940 1941 1942 1943 1944 1945 1946 1947 1948 1949 1950 1951 1952 1953 1954 1955 1956 1957 1958 1959 1960 1961 1962 1963 1964 1965 1966 1967 1968 1969 1970 1971 1972 1973 1974
us,1871,2025,inflation_adjusted,start,0.8,20.0,80.0,10.0,90.0,10,50,25,5,106,0,14,13.2,0.0,0.0,1879 1880 1881 1882 1883 1884 1885 1886 1887 1888 1889 1890 1891 1892 1893 1894 1895 1896 1897 1898 1899 1900 1901 1902 1903 1904 1905 1906 1907 1908 1909 1910 1911 1912 1913 1914 1915 1916 1917 1918 1923 1924 1925 1926 1927 1928 1929 1930 1931 1932 1933 1934 1935 1936 1937 1938 1939 1940 1941 1942 1943 1944 1945 1946 1947 1948 1949 1950 1951 1952 1953 1954 1955 1956 1957 1958 1959 1960 1961 1962 1963 1964 1965 1966 1967 1968 1969 1970 1971 1972 1973 1974
us,1871,2025,inflation_adjusted,start,0.8,20.0,80.0,10.0,90.0,10,50,25,5.5,106,0,9,8.5,0.0,0.0,1878 1879 1880 1881 1882 1883 1884 1885 1886 1887 1888 1889 1890 1891 1892 1893 1894 1895 1896 1897 1898 1899 1900 1901 1902 1903 1904 1905 1906 1907 1908 1909 1910 1911 1912 1913 1914 1915 1916 1917 1918 1919 1922 1923 1924 1925 1926 1927 1928 1929 1930 1931 1932 1933 1934 1935 1936 1937 1938 1939 1940 1941 1942 1943 1944 1945 1946 1947 1948 1949 1950 1951 1952 1953 1954 1955 1956 1957 1958 1959 1960 1961 1962 1963 1964 1965 1966 1967 1968 1969 1970 1971 1972 1973 1974 1975 1976
us,1871,2025,inflation_adjusted,start,0.8,20.0,80.0,10.0,90.0,10,50,25,6,106,0,6,5.7,0.0,0.0,1876 1877 1878 1879 1880 1881 1882 1883 1884 1885 1886 1887 1888 1889 1890 1891 1892 1893 1894 1895 1896 1897 1898 1899 1900 1901 1902 1903 1904 1905 1906 1907 1908 1909 1910 1911 1912 1913 1914 1915 1916 1917 1918 1919 1920 1922 1923 1924 1925 1926 1927 1928 1929 1930 1931 1932 1933 1934 1935 1936 1937 1938 1939 1940 1941 1942 1943 1944 1945 1946 1947 1948 1949 1950 1951 1952 1953 1954 1955 1956 1957 1958 1959 1960 1961 1962 1963 1964 1965 1966 1967 1968 1969 1970 1971 1972 1973 1974 1975 1976
us,1871,2025,inflation_adjusted,start,0.8,20.0,80.0,10.0,90.0,10,50,0,3,106,0,40,37.7,0.0,0.0,1892 1894 1895 1896 1897 1898 1899 1900 1901 1902 1903 1904 1905 1906 1907 1908 1909 1910 1911 1912 1913 1914 1915 1916 1917 1927 1928 1929 1930 1931 1932 1933 1934 1935 1936 1937 1938 1939 1940 1941 1942 1943 1944 1945 1946 1947 1948 1949 1950 1951 1952 1953 1954 1955 1956 1957 1958 1959 1960 1961 1962 1963 1964 1965 1966 1967
us,1871,2025,inflation_adjusted,start,0.8,20.0,80.0,10.0,90.0,10,50,0,3.5,106,0,22,20.8,0.0,0.0,1885 1886 1887 1888 1889 1890 1891 1892 1893 1894 1895 1896 1897 1898 1899 1900 1901 1902 1903 1904 1905 1906 1907 1908 1909 1910 1911 1912 1913 1914 1915 1916 1917 1918 1922 1923 1924 1925 1926 1927 1928 1929 1930 1931 1932 1933 1934 1935 1936 1937 1938 1939 1940 1941 1942 1943 1944 1945 1946 1947 1948 1949 1950 1951 1952 1953 1954 1955 1956 1957 1958 1959 1960 1961 1962 1963 1964 1965 1966 1967 1968 1969 1971 1972
us,1871,2025,inflation_adjusted,start,0.8,20.0,80.0,10.0,90.0,10,50,0,4,106,0,15,14.2,0.0,0.0,1879 1881 1884 1885 1886 1887 1888 1889 1890 1891 1892 1893 1894 1895 1896 1897 1898 1899 1900 1901 1902 1903 1904 1905 1906 1907 1908 1909 1910 1911 1912 1913 1914 1915 1916 1917 1918 1919 1922 1923 1924 1925 1926 1927 1928 1929 1930 1931 1932 1933 1934 1935 1936 1937 1938 1939 1940 1941 1942 1943 1944 1945 1946 1947 1948 1949 1950 1951 1952 1953 1954 1955 1956 1957 1958 1959 1960 1961 1962 1963 1964 1965 1966 1967 1968 1969 1970 1971 1972 1973 1974
us,1871,2025,inflation_adjusted,start,0.8,20.0,80.0,10.0,90.0,10,50,0,4.5,106,0,7,6.6,0.0,0.0,1878 1879 1880 1881 1882 1883 1884 1885 1886 1887 1888 1889 1890 1891 1892 1893 1894 1895 1896 1897 1898 1899 1900 1901 1902 1903 1904 1905 1906 1907 1908 1909 1910 1911 1912 1913 1914 1915 1916 1917 1918 1919 1920 1921 1922 1923 1924 1925 1926 1927 1928 1929 1930 1931 1932 1933 1934 1935 1936 1937 1938 1939 1940 1941 1942 1943 1944 1945 1946 1947 1948 1949 1950 1951 1952 1953 1954 1955 1956 1957 1958 1959 1960 1961 1962 1963 1964 1965 1966 1967 1968 1969 1970 1971 1972 1973 1974 1975 1976
us,1871,2025,inflation_adjusted,start,0.8,20.0,80.0,10.0,90.0,10,50,0,5,106,0,5,4.7,0.0,0.0,1876 1877 1878 1879 1880 1881 1882 1883 1884 1885 1886 1887 1888 1889 1890 1891 1892 1893 1894 1895 1896 1897 1898 1899 1900 1901 1902 1903 1904 1905 1906 1907 1908 1909 1910 1911 1912 1913 1914 1915 1916 1917 1918 1919 1920 1921 1922 1923 1924 1925 1926 1927 1928 1929 1930 1931 1932 1933 1934 1935 1936 1937 1938 1939 1940 1941 1942 1943 1944 1945 1946 1947 1948 1949 1950 1951 1952 1953 1954 1955 1956 1957 1958 1959 1960 1961 1962 1963 1964 1965 1966 1967 1968 1969 1970 1971 1972 1973 1974 1975 1976
us,1871,2025,inflation_adjusted,start,0.8,20.0,80.0,10.0,90.0,10,50,0,5.5,106,0,4,3.8,0.0,0.0,1875 1876 1877 1878 1879 1880 1881 1882 1883 1884 1885 1886 1887 1888 1889 1890 1891 1892 1893 1894 1895 1896 1897 1898 1899 1900 1901 1902 1903 1904 1905 1906 1907 1908 1909 1910 1911 1912 1913 1914 1915 1916 1917 1918 1919 1920 1921 1922 1923 1924 1925 1926 1927 1928 1929 1930 1931 1932 1933 1934 1935 1936 1937 1938 1939 1940 1941 1942 1943 1944 1945 1946 1947 1948 1949 1950 1951 1952 1953 1954 1955 1956 1957 1958 1959 1960 1961 1962 1963 1964 1965 1966 1967 1968 1969 1970 1971 1972 1973 1974 1975 1976
us,1871,2025,inflation_adjusted,start,0.8,20.0,80.0,10.0,90.0,10,50,0,6,106,0,2,1.9,0.0,0.0,1871 1874 1875 1876 1877 1878 1879 1880 1881 1882 1883 1884 1885 1886 1887 1888 1889 1890 1891 1892 1893 1894 1895 1896 1897 1898 1899 1900 1901 1902 1903 1904 1905 1906 1907 1908 1909 1910 1911 1912 1913 1914 1915 1916 1917 1918 1919 1920 1921 1922 1923 1924 1925 1926 1927 1928 1929 1930 1931 1932 1933 1934 1935 1936 1937 1938 1939 1940 1941 1942 1943 1944 1945 1946 1947 1948 1949 1950 1951 1952 1953 1954 1955 1956 1957 1958 1959 1960 1961 1962 1963 1964 1965 1966 1967 1968 1969 1970 1971 1972 1973 1974 1975 1976
us,1871,2025,inflation_adjusted,start,0.8,20.0,80.0,10.0,90.0,10,60,100,3,96,0,96,100.0,51314.0,8210.0,
us,1871,2025,inflation_adjusted,start,0.8,20.0,80.0,10.0,90.0,10,60,100,3.5,96,0,96,100.0,38162.0,5758.0,
us,1871,2025,inflation_adjusted,start,0.8,20.0,80.0,10.0,90.0,10,60,100,4,96,0,92,95.8,23530.0,0.0,1906 1929 1965 1966
us,1871,2025,inflation_adjusted,start,0.8,20.0,80.0,10.0,90.0,10,60,100,4.5,96,0,79,82.3,13324.0,0.0,1899 1901 1902 1903 1905 1906 1907 1909 1910 1911 1912 1929 1930 1962 1964 1965 1966
us,1871,2025,inflation_adjusted,start,0.8,20.0,80.0,10.0,90.0,10,60,100,5,96,0,69,71.9,6558.0,0.0,1887 1890 1892 1899 1901 1902 1903 1905 1906 1907 1909 1910 1911 1912 1913 1916 1929 1930 1937 1959 1960 1961 1962 1963 1964 1965 1966
us,1871,2025,inflation_adjusted,start,0.8,20.0,80.0,10.0,90.0,10,60,100,5.5,96,0,52,54.2,1095.0,0.0,1881 1882 1886 1887 1888 1889 1890 1892 1893 1898 1899 1900 1901 1902 1903 1904 1905 1906 1907 1908 1909 1910 1911 1912 1913 1914 1916 1917 1928 1929 1930 1931 1936 1937 1956 1957 1959 1960 1961 1962 1963 1964 1965 1966
us,1871,2025,inflation_adjusted,start,0.8,20.0,80.0,10.0,90.0,10,60,100,6,96,0,42,43.8,0.0,0.0,1881 1882 1883 1884 1886 1887 1888 1889 1890 1891 1892 1893 1894 1895 1896 1897 1898 1899 1900 1901 1902 1903 1904 1905 1906 1907 1908 1909 1910 1911 1912 1913 1914 1915 1916 1917 1928 1929 1930 1931 1936 1937 1955 1956 1957 1958 1959 1960 1961 1962 1963 1964 1965 1966
us,1871,2025,inflation_adjusted,start,0.8,20.0,80.0,10.0,90.0,10,60,75,3,96,0,96,100.0,26071.0,6736.0,
us,1871,2025,inflation_adjusted,start,0.8,20.0,80.0,10.0,90.0,10,60,75,3.5,96,0,96,100.0,17293.0,1243.0,
us,1871,2025,inflation_adjusted,start,0.8,20.0,80.0,10.0,90.0,10,60,75,4,96,0,90,93.8,9853.0,0.0,1902 1906 1962 1964 1965 1966
us,1871,2025,inflation_adjusted,start,0.8,20.0,80.0,10.0,90.0,10,60,75,4.5,96,0,70,72.9,4553.0,0.0,1887 1892 1899 1901 1902 1903 1905 1906 1907 1909 1910 1911 1912 1913 1929 1930 1937 1956 1959 1960 1961 1962 1963 1964 1965 1966
us,1871,2025,inflation_adjusted,start,0.8,20.0,80.0,10.0,90.0,10,60,75,5,96,0,46,47.9,0.0,0.0,1881 1886 1887 1888 1889 1890 1891 1892 1893 1894 1895 1896 1897 1898 1899 1900 1901 1902 1903 1904 1905 1906 1907 1908 1909 1910 1911 1912 1913 1914 1916 1928 1929 1930 1931 1936 1937 1939 1940 1955 1956 1957 1959 1960 1961 1962 1963 1964 1965 1966
us,1871,2025,inflation_adjusted,start,0.8,20.0,80.0,10.0,90.0,10,60,75,5.5,96,0,36,37.5,0.0,0.0,1881 1882 1883 1884 1886 1887 1888 1889 1890 1891 1892 1893 1894 1895 1896 1897 1898 1899 1900 1901 1902 1903 1904 1905 1906 1907 1908 1909 1910 1911 1912 1913 1914 1915 1916 1917 1928 1929 1930 1931 1934 1936 1937 1938 1939 1940 1941 1946 1955 1956 1957 1958 1959 1960 1961 1962 1963 1964 1965 1966
us,1871,2025,inflation_adjusted,start,0.8,20.0,80.0,10.0,90.0,10,60,75,6,96,0,30,31.2,0.0,0.0,1880 1881 1882 1883 1884 1885 1886 1887 1888 1889 1890 1891 1892 1893 1894 1895 1896 1897 1898 1899 1900 1901 1902 1903 1904 1905 1906 1907 1908 1909 1910 1911 1912 1913 1914 1915 1916 1917 1926 1927 1928 1929 1930 1931 1934 1935 1936 1937 1938 1939 1940 1941 1945 1946 1955 1956 1957 1958 1959 1960 1961 1962 1963 1964 1965 1966
us,1871,2025,inflation_adjusted,start,0.8,20.0,80.0,10.0,90.0,10,60,50,3,96,0,96,100.0,9753.0,3381.0,
us,1871,2025,inflation_adjusted,start,0.8,20.0,80.0,10.0,90.0,10,60,50,3.5,96,0,90,93.8,4142.0,0.0,1899 1937 1962 1964 1965 1966
us,1871,2025,inflation_adjusted,start,0.8,20.0,80.0,10.0,90.0,10,60,50,4,96,0,57,59.4,917.0,0.0,1892 1895 1896 1897 1898 1899 1900 1901 1902 1903 1904 1905 1906 1907 1909 1910 1911 1912 1929 1930 1934 1936 1937 1938 1939 1940 1941 1946 1955 1956 1957 1959 1960 1961 1962 1963 1964 1965 1966
us,1871,2025,inflation_adjusted,start,0.8,20.0,80.0,10.0,90.0,10,60,50,4.5,96,0,33,34.4,0.0,0.0,1881 1886 1887 1888 1889 1890 1891 1892 1893 1894 1895 1896 1897 1898 1899 1900 1901 1902 1903 1904 1905 1906 1907 1908 1909 1910 1911 1912 1913 1914 1915 1916 1917 1928 1929 1930 1931 1933 1934 1935 1936 1937 1938 1939 1940 1941 1942 1943 1944 1945 1946 1955 1956 1957 1958 1959 1960 1961 1962 1963 1964 1965 1966
us,1871,2025,inflation_adjusted,start,0.8,20.0,80.0,10.0,90.0,10,60,50,5,96,0,21,21.9,0.0,0.0,1881 1882 1883 1884 1885 1886 1887 1888 1889 1890 1891 1892 1893 1894 1895 1896 1897 1898 1899 1900 1901 1902 1903 1904 1905 1906 1907 1908 1909 1910 1911 1912 1913 1914 1915 1916 1917 1927 1928 1929 1930 1931 1932 1933 1934 1935 1936 1937 1938 1939 1940 1941 1942 1943 1944 1945 1946 1947 1950 1951 1952 1953 1954 1955 1956 1957 1958 1959 1960 1961 1962 1963 1964 1965 1966
us,1871,2025,inflation_adjusted,start,0.8,20.0,80.0,10.0,90.0,10,60,50,5.5,96,0,15,15.6,0.0,0.0,1879 1880 1881 1882 1883 1884 1885 1886 1887 1888 1889 1890 1891 1892 1893 1894 1895 1896 1897 1898 1899 1900 1901 1902 1903 1904 1905 1906 1907 1908 1909 1910 1911 1912 1913 1914 1915 1916 1917 1925 1926 1927 1928 1929 1930 1931 1932 1933 1934 1935 1936 1937 1938 1939 1940 1941 1942 1943 1944 1945 1946 1947 1948 1949 1950 1951 1952 1953 1954 1955 1956 1957 1958 1959 1960 1961 1962 1963 1964 1965 1966
us,1871,2025,inflation_adjusted,start,0.8,20.0,80.0,10.0,90.0,10,60,50,6,96,0,10,10.4,0.0,0.0,1876 1878 1879 1880 1881 1882 1883 1884 1885 1886 1887 1888 1889 1890 1891 1892 1893 1894 1895 1896 1897 1898 1899 1900 1901 1902 1903 1904 1905 1906 1907 1908 1909 1910 1911 1912 1913 1914 1915 1916 1917 1918 1923 1924 1925 1926 1927 1928 1929 1930 1931 1932 1933 1934 1935 1936 1937 1938 1939 1940 1941 1942 1943 1944 1945 1946 1947 1948 1949 1950 1951 1952 1953 1954 1955 1956 1957 1958 1959 1960 1961 1962 1963 1964 1965 1966
us,1871,2025,inflation_adjusted,start,0.8,20.0,80.0,10.0,90.0,10,60,25,3,96,0,75,78.1,1163.0,0.0,1897 1898 1899 1902 1906 1933 1934 1935 1936 1937 1938 1939 1940 1941 1942 1943 1944 1945 1946 1956 1965
us,1871,2025,inflation_adjusted,start,0.8,20.0,80.0,10.0,90.0,10,60,25,3.5,96,0,30,31.2,0.0,0.0,1890 1892 1893 1894 1895 1896 1897 1898 1899 1900 1901 1902 1903 1904 1905 1906 1907 1908 1909 1910 1911 1912 1913 1914 1915 1916 1917 1928 1929 1930 1931 1932 1933 1934 1935 1936 1937 1938 1939 1940 1941 1942 1943 1944 1945 1946 1947 1948 1949 1950 1951 1952 1953 1954 1955 1956 1957 1958 1959 1960 1961 1962 1963 1964 1965 1966
us,1871,2025,inflation_adjusted,start,0.8,20.0,80.0,10.0,90.0,10,60,25,4,96,0,21,21.9,0.0,0.0,1885 1886 1887 1888 1889 1890 1891 1892 1893 1894 1895 1896 1897 1898 1899 1900 1901 1902 1903 1904 1905 1906 1907 1908 1909 1910 1911 1912 1913 1914 1915 1916 1917 1925 1926 1927 1928 1929 1930 1931 1932 1933 1934 1935 1936 1937 1938 1939 1940 1941 1942 1943 1944 1945 1946 1947 1948 1949 1950 1951 1952 1953 1954 1955 1956 1957 1958 1959 1960 1961 1962 1963 1964 1965 1966
us,1871,2025,inflation_adjusted,start,0.8,20.0,80.0,10.0,90.0,10,60,25,4.5,96,0,12,12.5,0.0,0.0,1879 1881 1882 1883 1884 1885 1886 1887 1888 1889 1890 1891 1892 1893 1894 1895 1896 1897 1898 1899 1900 1901 1902 1903 1904 1905 1906 1907 1908 1909 1910 1911 1912 1913 1914 1915 1916 1917 1918 1922 1923 1924 1925 1926 1927 1928 1929 1930 1931 1932 1933 1934 1935 1936 1937 1938 1939 1940 1941 1942 1943 1944 1945 1946 1947 1948 1949 1950 1951 1952 1953 1954 1955 1956 1957 1958 1959 1960 1961 1962 1963 1964 1965 1966
us,1871,2025,inflation_adjusted,start,0.8,20.0,80.0,10.0,90.0,10,60,25,5,96,0,9,9.4,0.0,0.0,1878 1879 1880 1881 1882 1883 1884 1885 1886 1887 1888 1889 1890 1891 1892 1893 1894 1895 1896 1897 1898 1899 1900 1901 1902 1903 1904 1905 1906 1907 1908 1909 1910 1911 1912 1913 1914 1915 1916 1917 1918 1919 1922 1923 1924 1925 1926 1927 1928 1929 1930 1931 1932 1933 1934 1935 1936 1937 1938 1939 1940 1941 1942 1943 1944 1945 1946 1947 1948 1949 1950 1951 1952 1953 1954 1955 1956 1957 1958 1959 1960 1961 1962 1963 1964 1965 1966
us,1871,2025,inflation_adjusted,start,0.8,20.0,80.0,10.0,90.0,10,60,25,5.5,96,0,6,6.2,0.0,0.0,1876 1878 1879 1880 1881 1882 1883 1884 1885 1886 1887 1888 1889 1890 1891 1892 1893 1894 1895 1896 1897 1898 1899 1900 1901 1902 1903 1904 1905 1906 1907 1908 1909 1910 1911 1912 1913 1914 1915 1916 1917 1918 1919 1920 1921 1922 1923 1924 1925 1926 1927 1928 1929 1930 1931 1932 1933 1934 1935 1936 1937 1938 1939 1940 1941 1942 1943 1944 1945 1946 1947 1948 1949 1950 1951 1952 1953 1954 1955 1956 1957 1958 1959 1960 1961 1962 1963 1964 1965 1966
us,1871,2025,inflation_adjusted,start,0.8,20.0,80.0,10.0,90.0,10,60,25,6,96,0,3,3.1,0.0,0.0,1871 1875 1876 1877 1878 1879 1880 1881 1882 1883 1884 1885 1886 1887 1888 1889 1890 1891 1892 1893 1894 1895 1896 1897 1898 1899 1900 1901 1902 1903 1904 1905 1906 1907 1908 1909 1910 1911 1912 1913 1914 1915 1916 1917 1918 1919 1920 1921 1922 1923 1924 1925 1926 1927 1928 1929 1930 1931 1932 1933 1934 1935 1936 1937 1938 1939 1940 1941 1942 1943 1944 1945 1946 1947 1948 1949 1950 1951 1952 1953 1954 1955 1956 1957 1958 1959 1960 1961 1962 1963 1964 1965 1966
us,1871,2025,inflation_adjusted,start,0.8,20.0,80.0,10.0,90.0,10,60,0,3,96,0,18,18.8,0.0,0.0,1886 1887 1889 1890 1891 1892 1893 1894 1895 1896 1897 1898 1899 1900 1901 1902 1903 1904 1905 1906 1907 1908 1909 1910 1911 1912 1913 1914 1915 1916 1917 1918 1919 1922 1923 1924 1925 1926 1927 1928 1929 1930 1931 1932 1933 1934 1935 1936 1937 1938 1939 1940 1941 1942 1943 1944 1945 1946 1947 1948 1949 1950 1951 1952 1953 1954 1955 1956 1957 1958 1959 1960 1961 1962 1963 1964 1965 1966
us,1871,2025,inflation_adjusted,start,0.8,20.0,80.0,10.0,90.0,10,60,0,3.5,96,0,12,12.5,0.0,0.0,1879 1884 1885 1886 1887 1888 1889 1890 1891 1892 1893 1894 1895 1896 1897 1898 1899 1900 1901 1902 1903 1904 1905 1906 1907 1908 1909 1910 1911 1912 1913 1914 1915 1916 1917 1918 1919 1920 1921 1922 1923 1924 1925 1926 1927 1928 1929 1930 1931 1932 1933 1934 1935 1936 1937 1938 1939 1940 1941 1942 1943 1944 1945 1946 1947 1948 1949 1950 1951 1952 1953 1954 1955 1956 1957 1958 1959 1960 1961 1962 1963 1964 1965 1966
us,1871,2025,inflation_adjusted,start,0.8,20.0,80.0,10.0,90.0,10,60,0,4,96,0,7,7.3,0.0,0.0,1878 1879 1880 1881 1882 1883 1884 1885 1886 1887 1888 1889 1890 1891 1892 1893 1894 1895 1896 1897 1898 1899 1900 1901 1902 1903 1904 1905 1906 1907 1908 1909 1910 1911 1912 1913 1914 1915 1916 1917 1918 1919 1920 1921 1922 1923 1924 1925 1926 1927 1928 1929 1930 1931 1932 1933 1934 1935 1936 1937 1938 1939 1940 1941 1942 1943 1944 1945 1946 1947 1948 1949 1950 1951 1952 1953 1954 1955 1956 1957 1958 1959 1960 1961 1962 1963 1964 1965 1966
us,1871,2025,inflation_adjusted,start,0.8,20.0,80.0,10.0,90.0,10,60,0,4.5,96,0,5,5.2,0.0,0.0,1876 1877 1878 1879 1880 1881 1882 1883 1884 1885 1886 1887 1888 1889 1890 1891 1892 1893 1894 1895 1896 1897 1898 1899 1900 1901 1902 1903 1904 1905 1906 1907 1908 1909 1910 1911 1912 1913 1914 1915 1916 1917 1918 1919 1920 1921 1922 1923 1924 1925 1926 1927 1928 1929 1930 1931 1932 1933 1934 1935 1936 1937 1938 1939 1940 1941 1942 1943 1944 1945 1946 1947 1948 1949 1950 1951 1952 1953 1954 1955 1956 1957 1958 1959 1960 1961 1962 1963 1964 1965 1966
us,1871,2025,inflation_adjusted,start,0.8,20.0,80.0,10.0,90.0,10,60,0,5,96,0,4,4.2,0.0,0.0,1875 1876 1877 1878 1879 1880 1881 1882 1883 1884 1885 1886 1887 1888 1889 1890 1891 1892 1893 1894 1895 1896 1897 1898 1899 1900 1901 1902 1903 1904 1905 1906 1907 1908 1909 1910 1911 1912 1913 1914 1915 1916 1917 1918 1919 1920 1921 1922 1923 1924 1925 1926 1927 1928 1929 1930 1931 1932 1933 1934 1935 1936 1937 1938 1939 1940 1941 1942 1943 1944 1945 1946 1947 1948 1949 1950 1951 1952 1953 1954 1955 1956 1957 1958 1959 1960 1961 1962 1963 1964 1965 1966
us,1871,2025,inflation_adjusted,start,0.8,20.0,80.0,10.0,90.0,10,60,0,5.5,96,0,1,1.0,0.0,0.0,1871 1872 1874 1875 1876 1877 1878 1879 1880 1881 1882 1883 1884 1885 1886 1887 1888 1889 1890 1891 1892 1893 1894 1895 1896 1897 1898 1899 1900 1901 1902 1903 1904 1905 1906 1907 1908 1909 1910 1911 1912 1913 1914 1915 1916 1917 1918 1919 1920 1921 1922 1923 1924 1925 1926 1927 1928 1929 1930 1931 1932 1933 1934 1935 1936 1937 1938 1939 1940 1941 1942 1943 1944 1945 1946 1947 1948 1949 1950 1951 1952 1953 1954 1955 1956 1957 1958 1959 1960 1961 1962 1963 1964 1965 1966
us,1871,2025,inflation_adjusted,start,0.8,20.0,80.0,10.0,90.0,10,60,0,6,96,0,0,0.0,0.0,0.0,1871 1872 1873 1874 1875 1876 1877 1878 1879 1880 1881 1882 1883 1884 1885 1886 1887 1888 1889 1890 1891 1892 1893 1894 1895 1896 1897 1898 1899 1900 1901 1902 1903 1904 1905 1906 1907 1908 1909 1910 1911 1912 1913 1914 1915 1916 1917 1918 1919 1920 1921 1922 1923 1924 1925 1926 1927 1928 1929 1930 1931 1932 1933 1934 1935 1936 1937 1938 1939 1940 1941 1942 1943 1944 1945 1946 1947 1948 1949 1950 1951 1952 1953 1954 1955 1956 1957 1958 1959 1960 1961 1962 1963 1964 1965 1966
us,1871,2025,nominal,start,0.8,20.0,80.0,10.0,90.0,10,30,100,3,126,0,126,100.0,8503.0,1822.0,
us,1871,2025,nominal,start,0.8,20.0,80.0,10.0,90.0,10,30,100,3.5,126,0,126,100.0,7546.0,1207.0,
us,1871,2025,nominal,start,0.8,20.0,80.0,10.0,90.0,10,30,100,4,126,0,126,100.0,6603.0,173.0,
us,1871,2025,nominal,start,0.8,20.0,80.0,10.0,90.0,10,30,100,4.5,126,0,125,99.2,5705.0,0.0,1929
us,1871,2025,nominal,start,0.8,20.0,80.0,10.0,90.0,10,30,100,5,126,0,124,98.4,4870.0,0.0,1929 1930
us,1871,2025,nominal,start,0.8,20.0,80.0,10.0,90.0,10,30,100,5.5,126,0,124,98.4,4092.0,0.0,1929 1930
us,1871,2025,nominal,start,0.8,20.0,80.0,10.0,90.0,10,30,100,6,126,0,123,97.6,3211.0,0.0,1928 1929 1930
us,1871,2025,nominal,start,0.8,20.0,80.0,10.0,90.0,10,30,75,3,126,0,126,100.0,5973.0,1750.0,
us,1871,2025,nominal,start,0.8,20.0,80.0,10.0,90.0,10,30,75,3.5,126,0,126,100.0,5291.0,1458.0,
us,1871,2025,nominal,start,0.8,20.0,80.0,10.0,90.0,10,30,75,4,126,0,126,100.0,4661.0,1155.0,
us,1871,2025,nominal,start,0.8,20.0,80.0,10.0,90.0,10,30,75,4.5,126,0,126,100.0,4077.0,658.0,
us,1871,2025,nominal,start,0.8,20.0,80.0,10.0,90.0,10,30,75,5,126,0,125,99.2,3463.0,0.0,1929
us,1871,2025,nominal,start,0.8,20.0,80.0,10.0,90.0,10,30,75,5.5,126,0,125,99.2,2819.0,0.0,1929
us,1871,2025,nominal,start,0.8,20.0,80.0,10.0,90.0,10,30,75,6,126,0,124,98.4,2221.0,0.0,1929 1930
us,1871,2025,nominal,start,0.8,20.0,80.0,10.0,90.0,10,30,50,3,126,0,126,100.0,3667.0,1458.0,
us,1871,2025,nominal,start,0.8,20.0,80.0,10.0,90.0,10,30,50,3.5,126,0,126,100.0,3220.0,1157.0,
us,1871,2025,nominal,start,0.8,20.0,80.0,10.0,90.0,10,30,50,4,126,0,126,100.0,2754.0,917.0,
us,1871,2025,nominal,start,0.8,20.0,80.0,10.0,90.0,10,30,50,4.5,126,0,126,100.0,2308.0,750.0,
us,1871,2025,nominal,start,0.8,20.0,80.0,10.0,90.0,10,30,50,5,126,0,126,100.0,1895.0,528.0,
us,1871,2025,nominal,start,0.8,20.0,80.0,10.0,90.0,10,30,50,5.5,126,0,126,100.0,1474.0,95.0,
us,1871,2025,nominal,start,0.8,20.0,80.0,10.0,90.0,10,30,50,6,126,0,124,98.4,1082.0,0.0,1929 1930
us,1871,2025,nominal,start,0.8,20.0,80.0,10.0,90.0,10,30,25,3,126,0,126,100.0,1912.0,1146.0,
us,1871,2025,nominal,start,0.8,20.0,80.0,10.0,90.0,10,30,25,3.5,126,0,126,100.0,1603.0,867.0,
us,1871,2025,nominal,start,0.8,20.0,80.0,10.0,90.0,10,30,25,4,126,0,126,100.0,1280.0,727.0,
us,1871,2025,nominal,start,0.8,20.0,80.0,10.0,90.0,10,30,25,4.5,126,0,126,100.0,979.0,581.0,
us,1871,2025,nominal,start,0.8,20.0,80.0,10.0,90.0,10,30,25,5,126,0,126,100.0,753.0,409.0,
us,1871,2025,nominal,start,0.8,20.0,80.0,10.0,90.0,10,30,25,5.5,126,0,126,100.0,565.0,187.0,
us,1871,2025,nominal,start,0.8,20.0,80.0,10.0,90.0,10,30,25,6,126,0,124,98.4,365.0,0.0,1881 1929
us,1871,2025,nominal,start,0.8,20.0,80.0,10.0,90.0,10,30,0,3,126,0,126,100.0,1061.0,468.0,
us,1871,2025,nominal,start,0.8,20.0,80.0,10.0,90.0,10,30,0,3.5,126,0,126,100.0,829.0,346.0,
us,1871,2025,nominal,start,0.8,20.0,80.0,10.0,90.0,10,30,0,4,126,0,126,100.0,678.0,214.0,
us,1871,2025,nominal,start,0.8,20.0,80.0,10.0,90.0,10,30,0,4.5,126,0,126,100.0,524.0,62.0,
us,1871,2025,nominal,start,0.8,20.0,80.0,10.0,90.0,10,30,0,5,126,0,111,88.1,348.0,0.0,1936 1937 1938 1939 1940 1941 1942 1943 1944 1945 1946 1947 1948 1949 1950
us,1871,2025,nominal,start,0.8,20.0,80.0,10.0,90.0,10,30,0,5.5,126,0,97,77.0,156.0,0.0,1927 1928 1930 1931 1932 1933 1934 1935 1936 1937 1938 1939 1940 1941 1942 1943 1944 1945 1946 1947 1948 1949 1950 1951 1952 1953 1954 1955 1956
us,1871,2025,nominal,start,0.8,20.0,80.0,10.0,90.0,10,30,0,6,126,0,60,47.6,0.0,0.0,1879 1880 1881 1882 1883 1884 1885 1886 1887 1888 1889 1890 1891 1892 1893 1894 1895 1896 1897 1898 1899 1900 1901 1902 1903 1904 1905 1906 1907 1922 1923 1924 1925 1926 1927 1928 1929 1930 1931 1932 1933 1934 1935 1936 1937 1938 1939 1940 1941 1942 1943 1944 1945 1946 1947 1948 1949 1950 1951 1952 1953 1954 1955 1956 1957 1958
us,1871,2025,nominal,start,0.8,20.0,80.0,10.0,90.0,10,40,100,3,116,0,116,100.0,19374.0,2348.0,
us,1871,2025,nominal,start,0.8,20.0,80.0,10.0,90.0,10,40,100,3.5,116,0,116,100.0,16897.0,1767.0,
us,1871,2025,nominal,start,0.8,20.0,80.0,10.0,90.0,10,40,100,4,116,0,115,99.1,14609.0,0.0,1929
us,1871,2025,nominal,start,0.8,20.0,80.0,10.0,90.0,10,40,100,4.5,116,0,115,99.1,12687.0,0.0,1929
us,1871,2025,nominal,start,0.8,20.0,80.0,10.0,90.0,10,40,100,5,116,0,114,98.3,10679.0,0.0,1929 1930
us,1871,2025,nominal,start,0.8,20.0,80.0,10.0,90.0,10,40,100,5.5,116,0,113,97.4,8897.0,0.0,1928 1929 1930
us,1871,2025,nominal,start,0.8,20.0,80.0,10.0,90.0,10,40,100,6,116,0,110,94.8,6901.0,0.0,1881 1882 1883 1928 1929 1930
us,1871,2025,nominal,start,0.8,20.0,80.0,10.0,90.0,10,40,75,3,116,0,116,100.0,12895.0,1969.0,
us,1871,2025,nominal,start,0.8,20.0,80.0,10.0,90.0,10,40,75,3.5,116,0,116,100.0,11476.0,1525.0,
us,1871,2025,nominal,start,0.8,20.0,80.0,10.0,90.0,10,40,75,4,116,0,116,100.0,10112.0,1065.0,
us,1871,2025,nominal,start,0.8,20.0,80.0,10.0,90.0,10,40,75,4.5,116,0,116,100.0,8618.0,687.0,
us,1871,2025,nominal,start,0.8,20.0,80.0,10.0,90.0,10,40,75,5,116,0,115,99.1,7158.0,0.0,1929
us,1871,2025,nominal,start,0.8,20.0,80.0,10.0,90.0,10,40,75,5.5,116,0,114,98.3,5644.0,0.0,1929 1930
us,1871,2025,nominal,start,0.8,20.0,80.0,10.0,90.0,10,40,75,6,116,0,110,94.8,4120.0,0.0,1881 1882 1883 1928 1929 1930
us,1871,2025,nominal,start,0.8,20.0,80.0,10.0,90.0,10,40,50,3,116,0,116,100.0,6204.0,1596.0,
us,1871,2025,nominal,start,0.8,20.0,80.0,10.0,90.0,10,40,50,3.5,116,0,116,100.0,5208.0,1135.0,
us,1871,2025,nominal,start,0.8,20.0,80.0,10.0,90.0,10,40,50,4,116,0,116,100.0,4342.0,777.0,
us,1871,2025,nominal,start,0.8,20.0,80.0,10.0,90.0,10,40,50,4.5,116,0,116,100.0,3532.0,586.0,
us,1871,2025,nominal,start,0.8,20.0,80.0,10.0,90.0,10,40,50,5,116,0,116,100.0,2674.0,313.0,
us,1871,2025,nominal,start,0.8,20.0,80.0,10.0,90.0,10,40,50,5.5,116,0,113,97.4,1781.0,0.0,1881 1882 1929
us,1871,2025,nominal,start,0.8,20.0,80.0,10.0,90.0,10,40,50,6,116,0,103,88.8,1039.0,0.0,1880 1881 1882 1883 1884 1886 1887 1888 1889 1890 1906 1929 1930
us,1871,2025,nominal,start,0.8,20.0,80.0,10.0,90.0,10,40,25,3,116,0,116,100.0,2643.0,1173.0,
us,1871,2025,nominal,start,0.8,20.0,80.0,10.0,90.0,10,40,25,3.5,116,0,116,100.0,2062.0,760.0,
us,1871,2025,nominal,start,0.8,20.0,80.0,10.0,90.0,10,40,25,4,116,0,116,100.0,1522.0,608.0,
us,1871,2025,nominal,start,0.8,20.0,80.0,10.0,90.0,10,40,25,4.5,116,0,116,100.0,953.0,365.0,
us,1871,2025,nominal,start,0.8,20.0,80.0,10.0,90.0,10,40,25,5,116,0,116,100.0,648.0,77.0,
us,1871,2025,nominal,start,0.8,20.0,80.0,10.0,90.0,10,40,25,5.5,116,0,101,87.1,319.0,0.0,1880 1881 1882 1883 1884 1886 1887 1888 1889 1890 1892 1928 1929 1930 1937
us,1871,2025,nominal,start,0.8,20.0,80.0,10.0,90.0,10,40,25,6,116,0,50,43.1,0.0,0.0,1871 1872 1873 1874 1875 1876 1877 1878 1879 1880 1881 1882 1883 1884 1885 1886 1887 1888 1889 1890 1891 1892 1893 1894 1895 1896 1897 1898 1899 1900 1901 1902 1903 1904 1905 1906 1907 1909 1910 1911 1912 1913 1914 1916 1917 1925 1926 1927 1928 1929 1930 1931 1934 1935 1936 1937 1938 1939 1940 1941 1944 1945 1946 1947 1955 1956
us,1871,2025,nominal,start,0.8,20.0,80.0,10.0,90.0,10,40,0,3,116,0,116,100.0,951.0,438.0,
us,1871,2025,nominal,start,0.8,20.0,80.0,10.0,90.0,10,40,0,3.5,116,0,116,100.0,718.0,193.0,
us,1871,2025,nominal,start,0.8,20.0,80.0,10.0,90.0,10,40,0,4,116,0,111,95.7,473.0,0.0,1936 1938 1939 1940 1941
us,1871,2025,nominal,start,0.8,20.0,80.0,10.0,90.0,10,40,0,4.5,116,0,90,77.6,202.0,0.0,1926 1927 1928 1929 1930 1931 1932 1933 1934 1935 1936 1937 1938 1939 1940 1941 1942 1943 1944 1945 1946 1947 1948 1949 1950 1951
us,1871,2025,nominal,start,0.8,20.0,80.0,10.0,90.0,10,40,0,5,116,0,49,42.2,0.0,0.0,1877 1878 1879 1880 1881 1882 1883 1884 1885 1886 1887 1888 1889 1890 1891 1892 1893 1894 1895 1896 1897 1898 1899 1900 1901 1902 1903 1904 1905 1906 1917 1919 1921 1922 1923 1924 1925 1926 1927 1928 1929 1930 1931 1932 1933 1934 1935 1936 1937 1938 1939 1940 1941 1942 1943 1944 1945 1946 1947 1948 1949 1950 1951 1952 1953 1954 1955
us,1871,2025,nominal,start,0.8,20.0,80.0,10.0,90.0,10,40,0,5.5,116,0,28,24.1,0.0,0.0,1871 1872 1873 1874 1875 1876 1877 1878 1879 1880 1881 1882 1883 1884 1885 1886 1887 1888 1889 1890 1891 1892 1893 1894 1895 1896 1897 1898 1899 1900 1901 1902 1903 1904 1905 1906 1907 1908 1909 1910 1911 1912 1913 1914 1915 1916 1917 1918 1919 1920 1921 1922 1923 1924 1925 1926 1927 1928 1929 1930 1931 1932 1933 1934 1935 1936 1937 1938 1939 1940 1941 1942 1943 1944 1945 1946 1947 1948 1949 1950 1951 1952 1953 1954 1955 1956 1957 1958
us,1871,2025,nominal,start,0.8,20.0,80.0,10.0,90.0,10,40,0,6,116,0,23,19.8,0.0,0.0,1871 1872 1873 1874 1875 1876 1877 1878 1879 1880 1881 1882 1883 1884 1885 1886 1887 1888 1889 1890 1891 1892 1893 1894 1895 1896 1897 1898 1899 1900 1901 1902 1903 1904 1905 1906 1907 1908 1909 1910 1911 1912 1913 1914 1915 1916 1917 1918 1919 1920 1921 1922 1923 1924 1925 1926 1927 1928 1929 1930 1931 1932 1933 1934 1935 1936 1937 1938 1939 1940 1941 1942 1943 1944 1945 1946 1947 1948 1949 1950 1951 1952 1953 1954 1955 1956 1957 1958 1959 1960 1961 1962 1963
us,1871,2025,nominal,start,0.8,20.0,80.0,10.0,90.0,10,50,100,3,106,0,106,100.0,37475.0,4064.0,
us,1871,2025,nominal,start,0.8,20.0,80.0,10.0,90.0,10,50,100,3.5,106,0,106,100.0,32322.0,2499.0,
us,1871,2025,nominal,start,0.8,20.0,80.0,10.0,90.0,10,50,100,4,106,0,105,99.1,27519.0,0.0,1929
us,1871,2025,nominal,start,0.8,20.0,80.0,10.0,90.0,10,50,100,4.5,106,0,105,99.1,23095.0,0.0,1929
us,1871,2025,nominal,start,0.8,20.0,80.0,10.0,90.0,10,50,100,5,106,0,104,98.1,18834.0,0.0,1929 1930
us,1871,2025,nominal,start,0.8,20.0,80.0,10.0,90.0,10,50,100,5.5,106,0,102,96.2,14387.0,0.0,1881 1928 1929 1930
us,1871,2025,nominal,start,0.8,20.0,80.0,10.0,90.0,10,50,100,6,106,0,97,91.5,10233.0,0.0,1873 1881 1882 1883 1887 1906 1928 1929 1930
us,1871,2025,nominal,start,0.8,20.0,80.0,10.0,90.0,10,50,75,3,106,0,106,100.0,25419.0,3620.0,
us,1871,2025,nominal,start,0.8,20.0,80.0,10.0,90.0,10,50,75,3.5,106,0,106,100.0,21958.0,2636.0,
us,1871,2025,nominal,start,0.8,20.0,80.0,10.0,90.0,10,50,75,4,106,0,106,100.0,18465.0,1772.0,
us,1871,2025,nominal,start,0.8,20.0,80.0,10.0,90.0,10,50,75,4.5,106,0,106,100.0,14666.0,630.0,
us,1871,2025,nominal,start,0.8,20.0,80.0,10.0,90.0,10,50,75,5,106,0,105,99.1,11108.0,0.0,1929
us,1871,2025,nominal,start,0.8,20.0,80.0,10.0,90.0,10,50,75,5.5,106,0,102,96.2,7394.0,0.0,1881 1882 1929 1930
us,1871,2025,nominal,start,0.8,20.0,80.0,10.0,90.0,10,50,75,6,106,0,89,84.0,4372.0,0.0,1872 1873 1880 1881 1882 1883 1884 1886 1887 1888 1889 1902 1903 1906 1928 1929 1930
us,1871,2025,nominal,start,0.8,20.0,80.0,10.0,90.0,10,50,50,3,106,0,106,100.0,11130.0,2779.0,
us,1871,2025,nominal,start,0.8,20.0,80.0,10.0,90.0,10,50,50,3.5,106,0,106,100.0,9303.0,1834.0,
us,1871,2025,nominal,start,0.8,20.0,80.0,10.0,90.0,10,50,50,4,106,0,106,100.0,7353.0,1053.0,
us,1871,2025,nominal,start,0.8,20.0,80.0,10.0,90.0,10,50,50,4.5,106,0,106,100.0,5342.0,639.0,
us,1871,2025,nominal,start,0.8,20.0,80.0,10.0,90.0,10,50,50,5,106,0,106,100.0,3389.0,28.0,
us,1871,2025,nominal,start,0.8,20.0,80.0,10.0,90.0,10,50,50,5.5,106,0,97,91.5,1685.0,0.0,1880 1881 1882 1883 1884 1886 1887 1929 1930
us,1871,2025,nominal,start,0.8,20.0,80.0,10.0,90.0,10,50,50,6,106,0,73,68.9,780.0,0.0,1871 1872 1873 1874 1875 1876 1880 1881 1882 1883 1884 1885 1886 1887 1888 1889 1890 1891 1892 1893 1899 1900 1901 1902 1903 1905 1906 1907 1909 1910 1928 1929 1930
us,1871,2025,nominal,start,0.8,20.0,80.0,10.0,90.0,10,50,25,3,106,0,106,100.0,3713.0,1704.0,
us,1871,2025,nominal,start,0.8,20.0,80.0,10.0,90.0,10,50,25,3.5,106,0,106,100.0,2753.0,927.0,
us,1871,2025,nominal,start,0.8,20.0,80.0,10.0,90.0,10,50,25,4,106,0,106,100.0,1818.0,640.0,
us,1871,2025,nominal,start,0.8,20.0,80.0,10.0,90.0,10,50,25,4.5,106,0,106,100.0,952.0,224.0,
us,1871,2025,nominal,start,0.8,20.0,80.0,10.0,90.0,10,50,25,5,106,0,92,86.8,447.0,0.0,1880 1881 1882 1883 1884 1886 1887 1888 1889 1890 1928 1929 1930 1937
us,1871,2025,nominal,start,0.8,20.0,80.0,10.0,90.0,10,50,25,5.5,106,0,46,43.4,0.0,0.0,1871 1872 1873 1874 1875 1876 1877 1878 1879 1880 1881 1882 1883 1884 1885 1886 1887 1888 1889 1890 1891 1892 1893 1894 1895 1896 1897 1898 1899 1900 1901 1902 1903 1904 1905 1906 1907 1908 1909 1910 1911 1912 1913 1916 1925 1926 1927 1928 1929 1930 1931 1934 1935 1936 1937 1938 1939 1940 1941 1946
us,1871,2025,nominal,start,0.8,20.0,80.0,10.0,90.0,10,50,25,6,106,0,21,19.8,0.0,0.0,1871 1872 1873 1874 1875 1876 1877 1878 1879 1880 1881 1882 1883 1884 1885 1886 1887 1888 1889 1890 1891 1892 1893 1894 1895 1896 1897 1898 1899 1900 1901 1902 1903 1904 1905 1906 1907 1908 1909 1910 1911 1912 1913 1914 1915 1916 1917 1918 1919 1920 1922 1923 1924 1925 1926 1927 1928 1929 1930 1931 1932 1933 1934 1935 1936 1937 1938 1939 1940 1941 1942 1943 1944 1945 1946 1947 1948 1949 1950 1951 1952 1953 1954 1955 1956
us,1871,2025,nominal,start,0.8,20.0,80.0,10.0,90.0,10,50,0,3,106,0,106,100.0,844.0,447.0,
us,1871,2025,nominal,start,0.8,20.0,80.0,10.0,90.0,10,50,0,3.5,106,0,106,100.0,583.0,25.0,
us,1871,2025,nominal,start,0.8,20.0,80.0,10.0,90.0,10,50,0,4,106,0,82,77.4,210.0,0.0,1924 1925 1926 1927 1928 1929 1930 1931 1932 1933 1934 1935 1936 1937 1938 1939 1940 1941 1942 1943 1944 1945 1946 1947
us,1871,2025,nominal,start,0.8,20.0,80.0,10.0,90.0,10,50,0,4.5,106,0,29,27.4,0.0,0.0,1876 1877 1878 1879 1880 1881 1882 1883 1884 1885 1886 1887 1888 1889 1890 1891 1892 1893 1894 1895 1896 1897 1898 1899 1900 1901 1902 1903 1904 1905 1906 1907 1908 1909 1910 1911 1912 1913 1914 1915 1916 1917 1918 1919 1920 1921 1922 1923 1924 1925 1926 1927 1928 1929 1930 1931 1932 1933 1934 1935 1936 1937 1938 1939 1940 1941 1942 1943 1944 1945 1946 1947 1948 1949 1950 1951 1952
us,1871,2025,nominal,start,0.8,20.0,80.0,10.0,90.0,10,50,0,5,106,0,20,18.9,0.0,0.0,1871 1872 1873 1874 1875 1876 1877 1878 1879 1880 1881 1882 1883 1884 1885 1886 1887 1888 1889 1890 1891 1892 1893 1894 1895 1896 1897 1898 1899 1900 1901 1902 1903 1904 1905 1906 1907 1908 1909 1910 1911 1912 1913 1914 1915 1916 1917 1918 1919 1920 1921 1922 1923 1924 1925 1926 1927 1928 1929 1930 1931 1932 1933 1934 1935 1936 1937 1938 1939 1940 1941 1942 1943 1944 1945 1946 1947 1948 1949 1950 1951 1952 1953 1954 1955 1956
us,1871,2025,nominal,start,0.8,20.0,80.0,10.0,90.0,10,50,0,5.5,106,0,17,16.0,0.0,0.0,1871 1872 1873 1874 1875 1876 1877 1878 1879 1880 1881 1882 1883 1884 1885 1886 1887 1888 1889 1890 1891 1892 1893 1894 1895 1896 1897 1898 1899 1900 1901 1902 1903 1904 1905 1906 1907 1908 1909 1910 1911 1912 1913 1914 1915 1916 1917 1918 1919 1920 1921 1922 1923 1924 1925 1926 1927 1928 1929 1930 1931 1932 1933 1934 1935 1936 1937 1938 1939 1940 1941 1942 1943 1944 1945 1946 1947 1948 1949 1950 1951 1952 1953 1954 1955 1956 1957 1958 1959
us,1871,2025,nominal,start,0.8,20.0,80.0,10.0,90.0,10,50,0,6,106,0,13,12.3,0.0,0.0,1871 1872 1873 1874 1875 1876 1877 1878 1879 1880 1881 1882 1883 1884 1885 1886 1887 1888 1889 1890 1891 1892 1893 1894 1895 1896 1897 1898 1899 1900 1901 1902 1903 1904 1905 1906 1907 1908 1909 1910 1911 1912 1913 1914 1915 1916 1917 1918 1919 1920 1921 1922 1923 1924 1925 1926 1927 1928 1929 1930 1931 1932 1933 1934 1935 1936 1937 1938 1939 1940 1941 1942 1943 1944 1945 1946 1947 1948 1949 1950 1951 1952 1953 1954 1955 1956 1957 1958 1959 1960 1961 1962 1963
us,1871,2025,nominal,start,0.8,20.0,80.0,10.0,90.0,10,60,100,3,96,0,96,100.0,84188.0,7279.0,
us,1871,2025,nominal,start,0.8,20.0,80.0,10.0,90.0,10,60,100,3.5,96,0,96,100.0,70148.0,5473.0,
us,1871,2025,nominal,start,0.8,20.0,80.0,10.0,90.0,10,60,100,4,96,0,95,99.0,60122.0,0.0,1929
us,1871,2025,nominal,start,0.8,20.0,80.0,10.0,90.0,10,60,100,4.5,96,0,94,97.9,51230.0,0.0,1929 1930
us,1871,2025,nominal,start,0.8,20.0,80.0,10.0,90.0,10,60,100,5,96,0,94,97.9,42453.0,0.0,1929 1930
us,1871,2025,nominal,start,0.8,20.0,80.0,10.0,90.0,10,60,100,5.5,96,0,90,93.8,32302.0,0.0,1881 1882 1883 1928 1929 1930
us,1871,2025,nominal,start,0.8,20.0,80.0,10.0,90.0,10,60,100,6,96,0,82,85.4,24262.0,0.0,1872 1873 1880 1881 1882 1883 1884 1886 1887 1888 1906 1928 1929 1930
us,1871,2025,nominal,start,0.8,20.0,80.0,10.0,90.0,10,60,75,3,96,0,96,100.0,44388.0,6165.0,
us,1871,2025,nominal,start,0.8,20.0,80.0,10.0,90.0,10,60,75,3.5,96,0,96,100.0,38393.0,4449.0,
us,1871,2025,nominal,start,0.8,20.0,80.0,10.0,90.0,10,60,75,4,96,0,96,100.0,32007.0,2594.0,
us,1871,2025,nominal,start,0.8,20.0,80.0,10.0,90.0,10,60,75,4.5,96,0,96,100.0,24767.0,1096.0,
us,1871,2025,nominal,start,0.8,20.0,80.0,10.0,90.0,10,60,75,5,96,0,95,99.0,18741.0,0.0,1929
us,1871,2025,nominal,start,0.8,20.0,80.0,10.0,90.0,10,60,75,5.5,96,0,90,93.8,12746.0,0.0,1881 1882 1883 1887 1929 1930
us,1871,2025,nominal,start,0.8,20.0,80.0,10.0,90.0,10,60,75,6,96,0,71,74.0,7517.0,0.0,1871 1872 1873 1874 1875 1876 1880 1881 1882 1883 1884 1886 1887 1888 1889 1890 1892 1893 1902 1903 1906 1907 1928 1929 1930
us,1871,2025,nominal,start,0.8,20.0,80.0,10.0,90.0,10,60,50,3,96,0,96,100.0,18058.0,4280.0,
us,1871,2025,nominal,start,0.8,20.0,80.0,10.0,90.0,10,60,50,3.5,96,0,96,100.0,15011.0,2630.0,
us,1871,2025,nominal,start,0.8,20.0,80.0,10.0,90.0,10,60,50,4,96,0,96,100.0,11841.0,1278.0,
us,1871,2025,nominal,start,0.8,20.0,80.0,10.0,90.0,10,60,50,4.5,96,0,96,100.0,8555.0,624.0,
us,1871,2025,nominal,start,0.8,20.0,80.0,10.0,90.0,10,60,50,5,96,0,93,96.9,5025.0,0.0,1881 1882 1929
us,1871,2025,nominal,start,0.8,20.0,80.0,10.0,90.0,10,60,50,5.5,96,0,74,77.1,1905.0,0.0,1872 1873 1875 1876 1880 1881 1882 1883 1884 1885 1886 1887 1888 1889 1890 1892 1893 1902 1903 1906 1929 1930
us,1871,2025,nominal,start,0.8,20.0,80.0,10.0,90.0,10,60,50,6,96,0,53,55.2,490.0,0.0,1871 1872 1873 1874 1875 1876 1877 1878 1879 1880 1881 1882 1883 1884 1885 1886 1887 1888 1889 1890 1891 1892 1893 1894 1895 1899 1900 1901 1902 1903 1904 1905 1906 1907 1909 1910 1911 1912 1928 1929 1930 1931 1937
us,1871,2025,nominal,start,0.8,20.0,80.0,10.0,90.0,10,60,25,3,96,0,96,100.0,5480.0,2243.0,
us,1871,2025,nominal,start,0.8,20.0,80.0,10.0,90.0,10,60,25,3.5,96,0,96,100.0,3769.0,1006.0,
us,1871,2025,nominal,start,0.8,20.0,80.0,10.0,90.0,10,60,25,4,96,0,96,100.0,2199.0,605.0,
us,1871,2025,nominal,start,0.8,20.0,80.0,10.0,90.0,10,60,25,4.5,96,0,95,99.0,881.0,0.0,1881
us,1871,2025,nominal,start,0.8,20.0,80.0,10.0,90.0,10,60,25,5,96,0,53,55.2,130.0,0.0,1872 1873 1875 1876 1877 1878 1879 1880 1881 1882 1883 1884 1885 1886 1887 1888 1889 1890 1891 1892 1893 1894 1895 1899 1900 1901 1902 1903 1904 1905 1906 1907 1909 1910 1911 1926 1927 1928 1929 1930 1931 1936 1937
us,1871,2025,nominal,start,0.8,20.0,80.0,10.0,90.0,10,60,25,5.5,96,0,24,25.0,0.0,0.0,1871 1872 1873 1874 1875 1876 1877 1878 1879 1880 1881 1882 1883 1884 1885 1886 1887 1888 1889 1890 1891 1892 1893 1894 1895 1896 1897 1898 1899 1900 1901 1902 1903 1904 1905 1906 1907 1908 1909 1910 1911 1912 1913 1914 1915 1916 1917 1919 1920 1922 1923 1924 1925 1926 1927 1928 1929 1930 1931 1932 1933 1934 1935 1936 1937 1938 1939 1940 1941 1944 1945 1946
us,1871,2025,nominal,start,0.8,20.0,80.0,10.0,90.0,10,60,25,6,96,0,9,9.4,0.0,0.0,1871 1872 1873 1874 1875 1876 1877 1878 1879 1880 1881 1882 1883 1884 1885 1886 1887 1888 1889 1890 1891 1892 1893 1894 1895 1896 1897 1898 1899 1900 1901 1902 1903 1904 1905 1906 1907 1908 1909 1910 1911 1912 1913 1914 1915 1916 1917 1918 1919 1920 1921 1922 1923 1924 1925 1926 1927 1928 1929 1930 1931 1932 1933 1934 1935 1936 1937 1938 1939 1940 1941 1942 1943 1944 1945 1946 1947 1948 1949 1950 1951 1952 1953 1954 1955 1956 1957
us,1871,2025,nominal,start,0.8,20.0,80.0,10.0,90.0,10,60,0,3,96,0,96,100.0,867.0,489.0,
us,1871,2025,nominal,start,0.8,20.0,80.0,10.0,90.0,10,60,0,3.5,96,0,79,82.3,375.0,0.0,1925 1926 1927 1928 1929 1930 1931 1932 1933 1934 1935 1936 1937 1938 1939 1940 1941
us,1871,2025,nominal,start,0.8,20.0,80.0,10.0,90.0,10,60,0,4,96,0,24,25.0,0.0,0.0,1878 1879 1880 1881 1882 1883 1884 1885 1886 1887 1888 1889 1890 1891 1892 1893 1894 1895 1896 1897 1898 1899 1900 1901 1902 1903 1904 1905 1906 1907 1908 1909 1910 1911 1912 1913 1914 1915 1916 1917 1918 1919 1920 1921 1922 1923 1924 1925 1926 1927 1928 1929 1930 1931 1932 1933 1934 1935 1936 1937 1938 1939 1940 1941 1942 1943 1944 1945 1946 1947 1948 1949
us,1871,2025,nominal,start,0.8,20.0,80.0,10.0,90.0,10,60,0,4.5,96,0,12,12.5,0.0,0.0,1871 1872 1873 1874 1875 1876 1877 1878 1879 1880 1881 1882 1883 1884 1885 1886 1887 1888 1889 1890 1891 1892 1893 1894 1895 1896 1897 1898 1899 1900 1901 1902 1903 1904 1905 1906 1907 1908 1909 1910 1911 1912 1913 1914 1915 1916 1917 1918 1919 1920 1921 1922 1923 1924 1925 1926 1927 1928 1929 1930 1931 1932 1933 1934 1935 1936 1937 1938 1939 1940 1941 1942 1943 1944 1945 1946 1947 1948 1949 1950 1951 1952 1953 1954
us,1871,2025,nominal,start,0.8,20.0,80.0,10.0,90.0,10,60,0,5,96,0,8,8.3,0.0,0.0,1871 1872 1873 1874 1875 1876 1877 1878 1879 1880 1881 1882 1883 1884 1885 1886 1887 1888 1889 1890 1891 1892 1893 1894 1895 1896 1897 1898 1899 1900 1901 1902 1903 1904 1905 1906 1907 1908 1909 1910 1911 1912 1913 1914 1915 1916 1917 1918 1919 1920 1921 1922 1923 1924 1925 1926 1927 1928 1929 1930 1931 1932 1933 1934 1935 1936 1937 1938 1939 1940 1941 1942 1943 1944 1945 1946 1947 1948 1949 1950 1951 1952 1953 1954 1955 1956 1957 1958
us,1871,2025,nominal,start,0.8,20.0,80.0,10.0,90.0,10,60,0,5.5,96,0,6,6.2,0.0,0.0,1871 1872 1873 1874 1875 1876 1877 1878 1879 1880 1881 1882 1883 1884 1885 1886 1887 1888 1889 1890 1891 1892 1893 1894 1895 1896 1897 1898 1899 1900 1901 1902 1903 1904 1905 1906 1907 1908 1909 1910 1911 1912 1913 1914 1915 1916 1917 1918 1919 1920 1921 1922 1923 1924 1925 1926 1927 1928 1929 1930 1931 1932 1933 1934 1935 1936 1937 1938 1939 1940 1941 1942 1943 1944 1945 1946 1947 1948 1949 1950 1951 1952 1953 1954 1955 1956 1957 1958 1959 1961
us,1871,2025,nominal,start,0.8,20.0,80.0,10.0,90.0,10,60,0,6,96,0,2,2.1,0.0,0.0,1871 1872 1873 1874 1875 1876 1877 1878 1879 1880 1881 1882 1883 1884 1885 1886 1887 1888 1889 1890 1891 1892 1893 1894 1895 1896 1897 1898 1899 1900 1901 1902 1903 1904 1905 1906 1907 1908 1909 1910 1911 1912 1913 1914 1915 1916 1917 1918 1919 1920 1921 1922 1923 1924 1925 1926 1927 1928 1929 1930 1931 1932 1933 1934 1935 1936 1937 1938 1939 1940 1941 1942 1943 1944 1945 1946 1947 1948 1949 1950 1951 1952 1953 1954 1955 1956 1957 1958 1959 1960 1961 1962 1963 1964
